date,symbol,entry_price,target_1_5,sl_1_5,rsi,vol_ratio,status,next_open,next_open_return,exit_price_b,exit_return_b,outcome_b,created_at
2026-04-17,360ONE.NS,1106.87,1123.48,1090.27,66.3,2.32,CLOSED,1101.31,-0.50%,1102.85,-0.36%,LOSS,2026-07-22T00:50:49.344700
2026-06-15,360ONE.NS,1130.8,1147.76,1113.84,60.9,2.56,CLOSED,1143.2,+1.10%,1147.76,+1.50%,WIN,2026-07-22T00:50:49.345322
2026-02-04,APLAPOLLO.NS,2174.2,2206.81,2141.59,75.9,1.38,CLOSED,2181.0,+0.31%,2182.1,+0.36%,WIN,2026-07-22T00:50:49.359724
2026-04-21,AUBANK.NS,1037.9,1053.47,1022.33,68.4,1.5,CLOSED,1037.0,-0.09%,1053.47,+1.50%,WIN,2026-07-22T00:50:49.364654
2026-04-23,AUBANK.NS,1056.25,1072.09,1040.41,70.7,1.98,CLOSED,1058.7,+0.23%,1072.09,+1.50%,WIN,2026-07-22T00:50:49.364696
2026-04-28,ADANIENT.NS,2411.32,2447.49,2375.15,76.5,1.78,CLOSED,2426.52,+0.63%,2424.82,+0.56%,WIN,2026-07-22T00:50:49.375892
2026-05-14,ADANIENT.NS,2711.69,2752.36,2671.01,75.5,3.88,CLOSED,2779.86,+2.51%,2779.86,+2.51%,WIN,2026-07-22T00:50:49.376051
2026-06-24,ADANIENT.NS,3069.7,3115.75,3023.65,65.5,1.21,CLOSED,3086.0,+0.53%,3038.0,-1.03%,LOSS,2026-07-22T00:50:49.376416
2026-07-01,ADANIENT.NS,3143.6,3190.75,3096.45,65.9,1.79,CLOSED,3155.9,+0.39%,3190.75,+1.50%,WIN,2026-07-22T00:50:49.376514
2026-02-03,ADANIPORTS.NS,1524.38,1547.24,1501.51,63.0,5.57,CLOSED,1523.48,-0.06%,1547.24,+1.50%,WIN,2026-07-22T00:50:49.386554
2026-02-04,ADANIPORTS.NS,1561.32,1584.74,1537.9,66.4,2.45,CLOSED,1561.42,+0.01%,1563.61,+0.15%,WIN,2026-07-22T00:50:49.386585
2026-04-15,ADANIPORTS.NS,1505.46,1528.04,1482.87,61.8,1.4,CLOSED,1518.5,+0.87%,1528.04,+1.50%,WIN,2026-07-22T00:50:49.387113
2026-04-16,ADANIPORTS.NS,1543.3,1566.45,1520.15,65.3,2.3,CLOSED,1552.46,+0.59%,1566.45,+1.50%,WIN,2026-07-22T00:50:49.387136
2026-02-04,ADANIPOWER.NS,155.29,157.62,152.96,69.0,4.76,CLOSED,155.29,+0.00%,152.96,-1.50%,LOSS,2026-07-22T00:50:49.390348
2026-03-16,ADANIPOWER.NS,154.06,156.37,151.75,65.5,4.57,CLOSED,156.0,+1.26%,156.37,+1.50%,WIN,2026-07-22T00:50:49.390647
2026-04-02,ADANIPOWER.NS,159.97,162.37,157.57,65.2,1.87,CLOSED,162.0,+1.27%,162.37,+1.50%,WIN,2026-07-22T00:50:49.390779
2026-05-25,ADANIPOWER.NS,233.38,236.88,229.88,69.4,1.82,CLOSED,234.25,+0.37%,236.88,+1.50%,WIN,2026-07-22T00:50:49.391167
2026-05-26,ADANIPOWER.NS,244.53,248.2,240.86,74.7,2.21,CLOSED,247.6,+1.26%,248.2,+1.50%,WIN,2026-07-22T00:50:49.391187
2026-05-05,ABCAPITAL.NS,360.85,366.26,355.44,64.2,3.37,CLOSED,365.0,+1.15%,366.26,+1.50%,WIN,2026-07-22T00:50:49.401031
2026-06-19,ABCAPITAL.NS,375.9,381.54,370.26,61.5,4.04,CLOSED,378.0,+0.56%,381.54,+1.50%,WIN,2026-07-22T00:50:49.401396
2026-06-22,ABCAPITAL.NS,391.95,397.83,386.07,68.0,3.49,CLOSED,394.4,+0.63%,386.07,-1.50%,LOSS,2026-07-22T00:50:49.401420
2026-05-08,APOLLOHOSP.NS,8097.0,8218.45,7975.55,69.3,2.59,CLOSED,8046.0,-0.63%,8082.0,-0.19%,LOSS,2026-07-22T00:50:49.419029
2026-07-14,APOLLOHOSP.NS,8900.5,9034.01,8766.99,67.4,1.42,CLOSED,8948.5,+0.54%,8934.0,+0.38%,WIN,2026-07-22T00:50:49.420681
2026-03-09,DMART.NS,3966.2,4025.69,3906.71,60.1,2.88,CLOSED,3993.0,+0.68%,3946.8,-0.49%,LOSS,2026-07-22T00:50:49.448509
2026-04-01,DMART.NS,4271.1,4335.17,4207.03,70.8,4.43,CLOSED,4228.4,-1.00%,4335.17,+1.50%,WIN,2026-07-22T00:50:49.448678
2026-04-02,DMART.NS,4362.4,4427.84,4296.96,73.3,2.19,CLOSED,4450.0,+2.01%,4450.0,+2.01%,WIN,2026-07-22T00:50:49.448699
2026-02-09,BSE.NS,2977.26,3021.92,2932.6,64.2,1.3,CLOSED,3101.83,+4.18%,3101.83,+4.18%,WIN,2026-07-22T00:50:49.457962
2026-02-10,BSE.NS,3165.86,3213.35,3118.37,72.0,4.14,CLOSED,3183.21,+0.55%,3213.35,+1.50%,WIN,2026-07-22T00:50:49.457989
2026-03-17,BSE.NS,2965.79,3010.27,2921.3,60.7,1.24,CLOSED,2974.46,+0.29%,2987.73,+0.74%,WIN,2026-07-22T00:50:49.458254
2026-05-18,BSE.NS,4109.87,4171.52,4048.22,77.0,1.43,CLOSED,4144.48,+0.84%,4171.52,+1.50%,WIN,2026-07-22T00:50:49.458706
2026-04-10,BAJAJ-AUTO.NS,9677.31,9822.47,9532.15,62.1,1.9,CLOSED,9566.86,-1.14%,9679.77,+0.03%,WIN,2026-07-22T00:50:49.461851
2026-04-30,BAJAJ-AUTO.NS,9855.3,10003.13,9707.47,62.9,3.29,CLOSED,9855.3,+0.00%,9855.3,+0.00%,LOSS,2026-07-22T00:50:49.462004
2026-07-13,BAJAJ-AUTO.NS,10381.0,10536.71,10225.28,63.1,2.89,CLOSED,10212.5,-1.62%,10212.5,-1.62%,LOSS,2026-07-22T00:50:49.462549
2026-02-12,BAJFINANCE.NS,993.0,1007.89,978.1,60.8,1.25,CLOSED,988.92,-0.41%,1007.89,+1.50%,WIN,2026-07-22T00:50:49.465048
2026-06-30,BAJFINANCE.NS,1004.75,1019.82,989.68,70.6,1.28,CLOSED,1000.4,-0.43%,1019.82,+1.50%,WIN,2026-07-22T00:50:49.468342
2026-07-02,BAJAJFINSV.NS,1855.7,1883.54,1827.86,66.7,1.61,CLOSED,1885.0,+1.58%,1885.0,+1.58%,WIN,2026-07-22T00:50:49.474625
2026-07-09,BAJAJFINSV.NS,1895.0,1923.42,1866.58,65.3,1.61,CLOSED,1905.3,+0.54%,1916.0,+1.11%,WIN,2026-07-22T00:50:49.474814
2026-04-23,BDL.NS,1423.3,1444.65,1401.95,66.2,1.33,CLOSED,1433.2,+0.70%,1444.65,+1.50%,WIN,2026-07-22T00:50:49.493793
2026-05-07,BDL.NS,1466.9,1488.9,1444.9,68.8,2.02,CLOSED,1474.0,+0.48%,1444.9,-1.50%,LOSS,2026-07-22T00:50:49.493914
2026-06-19,BDL.NS,1373.4,1394.0,1352.8,65.9,2.44,CLOSED,1384.7,+0.82%,1394.0,+1.50%,WIN,2026-07-22T00:50:49.494234
2026-06-22,BDL.NS,1406.7,1427.8,1385.6,69.1,1.72,CLOSED,1413.7,+0.50%,1427.8,+1.50%,WIN,2026-07-22T00:50:49.494254
2026-04-16,BHEL.NS,308.27,312.89,303.64,72.8,2.1,CLOSED,310.0,+0.56%,312.89,+1.50%,WIN,2026-07-22T00:50:49.509567
2026-06-29,BHEL.NS,412.42,418.61,406.23,60.6,4.21,CLOSED,413.22,+0.19%,418.61,+1.50%,WIN,2026-07-22T00:50:49.510147
2026-06-19,BHARTIARTL.NS,1910.8,1939.46,1882.14,64.1,1.86,CLOSED,1915.8,+0.26%,1916.6,+0.30%,WIN,2026-07-22T00:50:49.519142
2026-02-09,BLUESTARCO.NS,1927.55,1956.46,1898.63,68.3,3.28,CLOSED,1941.48,+0.72%,1956.46,+1.50%,WIN,2026-07-22T00:50:49.534597
2026-07-13,BLUESTARCO.NS,1707.72,1733.34,1682.11,63.4,1.78,CLOSED,1707.72,+0.00%,1733.34,+1.50%,WIN,2026-07-22T00:50:49.538393
2026-07-14,BLUESTARCO.NS,1737.68,1763.74,1711.61,66.7,2.17,CLOSED,1744.44,+0.39%,1745.34,+0.44%,WIN,2026-07-22T00:50:49.538443
2026-03-10,CGPOWER.NS,728.2,739.12,717.28,61.0,1.56,CLOSED,730.4,+0.30%,739.12,+1.50%,WIN,2026-07-22T00:50:49.553436
2026-04-15,CGPOWER.NS,748.0,759.22,736.78,62.5,1.41,CLOSED,759.05,+1.48%,759.22,+1.50%,WIN,2026-07-22T00:50:49.553670
2026-05-05,CGPOWER.NS,826.9,839.3,814.5,65.8,2.28,CLOSED,832.8,+0.71%,839.3,+1.50%,WIN,2026-07-22T00:50:49.553833
2026-05-27,CGPOWER.NS,934.8,948.82,920.78,73.9,2.45,CLOSED,934.8,+0.00%,934.8,+0.00%,LOSS,2026-07-22T00:50:49.554014
2026-05-06,CHOLAFIN.NS,1711.23,1736.9,1685.56,68.0,1.22,CLOSED,1724.32,+0.77%,1685.56,-1.50%,LOSS,2026-07-22T00:50:49.562002
2026-06-24,CHOLAFIN.NS,1792.2,1819.08,1765.31,73.6,1.44,CLOSED,1806.29,+0.79%,1798.49,+0.35%,WIN,2026-07-22T00:50:49.563228
2026-07-06,CHOLAFIN.NS,1849.77,1877.52,1822.03,73.9,1.66,CLOSED,1861.27,+0.62%,1852.67,+0.16%,WIN,2026-07-22T00:50:49.563522
2026-06-22,CIPLA.NS,1415.7,1436.94,1394.46,62.0,2.2,CLOSED,1422.8,+0.50%,1436.94,+1.50%,WIN,2026-07-22T00:50:49.569383
2026-03-12,COALINDIA.NS,470.1,477.15,463.05,70.2,2.78,CLOSED,473.0,+0.62%,463.05,-1.50%,LOSS,2026-07-22T00:50:49.572552
2026-05-08,COFORGE.NS,1368.1,1388.62,1347.58,66.0,2.38,CLOSED,1375.8,+0.56%,1375.2,+0.52%,WIN,2026-07-22T00:50:49.584431
2026-06-16,COFORGE.NS,1464.8,1486.77,1442.83,60.5,1.28,CLOSED,1494.5,+2.03%,1494.5,+2.03%,WIN,2026-07-22T00:50:49.585416
2026-07-13,COFORGE.NS,1540.9,1564.01,1517.79,60.5,1.39,CLOSED,1545.0,+0.27%,1564.01,+1.50%,WIN,2026-07-22T00:50:49.586123
2026-07-01,ETERNAL.NS,279.7,283.9,275.5,70.3,2.54,CLOSED,282.0,+0.82%,283.9,+1.50%,WIN,2026-07-22T00:50:49.654682
2026-07-07,ETERNAL.NS,289.4,293.74,285.06,75.2,1.58,CLOSED,288.5,-0.31%,293.74,+1.50%,WIN,2026-07-22T00:50:49.654842
2026-07-15,ETERNAL.NS,294.8,299.22,290.38,70.8,1.43,CLOSED,298.75,+1.34%,290.38,-1.50%,LOSS,2026-07-22T00:50:49.655071
2026-05-07,EXIDEIND.NS,362.71,368.15,357.27,65.4,2.61,CLOSED,364.25,+0.43%,360.52,-0.60%,LOSS,2026-07-22T00:50:49.659656
2026-05-26,EXIDEIND.NS,364.5,369.97,359.04,64.3,2.1,CLOSED,363.26,-0.34%,369.97,+1.50%,WIN,2026-07-22T00:50:49.660126
2026-05-27,EXIDEIND.NS,392.27,398.15,386.39,74.1,6.51,CLOSED,392.27,+0.00%,392.27,+0.00%,LOSS,2026-07-22T00:50:49.660177
2026-06-24,EXIDEIND.NS,397.59,403.56,391.63,61.9,2.48,CLOSED,399.09,+0.38%,403.56,+1.50%,WIN,2026-07-22T00:50:49.660898
2026-07-02,EXIDEIND.NS,417.35,423.61,411.09,68.7,8.82,CLOSED,421.15,+0.91%,416.6,-0.18%,LOSS,2026-07-22T00:50:49.661128
2026-07-08,EXIDEIND.NS,421.35,427.67,415.03,69.2,2.04,CLOSED,426.0,+1.10%,427.67,+1.50%,WIN,2026-07-22T00:50:49.661293
2026-07-17,EXIDEIND.NS,435.2,441.73,428.67,72.6,3.03,CLOSED,435.0,-0.05%,441.73,+1.50%,WIN,2026-07-22T00:50:49.661555
2026-02-06,NYKAA.NS,276.99,281.14,272.84,74.5,11.28,CLOSED,277.0,+0.00%,281.14,+1.50%,WIN,2026-07-22T00:50:49.663802
2026-06-17,NYKAA.NS,280.95,285.16,276.74,63.0,1.26,CLOSED,282.45,+0.53%,285.16,+1.50%,WIN,2026-07-22T00:50:49.664736
2026-07-20,FEDERALBNK.NS,350.75,356.01,345.49,75.5,1.29,CLOSED,351.1,+0.10%,356.01,+1.50%,WIN,2026-07-22T00:50:49.668330
2026-02-18,GODFRYPHLP.NS,2477.7,2514.87,2440.53,65.0,14.94,CLOSED,2527.3,+2.00%,2527.3,+2.00%,WIN,2026-07-22T00:50:49.702284
2026-07-01,GODREJPROP.NS,1959.6,1988.99,1930.21,71.6,1.79,CLOSED,1962.0,+0.12%,1968.7,+0.46%,WIN,2026-07-22T00:50:49.717828
2026-07-10,GODREJPROP.NS,2133.0,2164.99,2101.01,75.3,1.78,CLOSED,2117.8,-0.71%,2164.99,+1.50%,WIN,2026-07-22T00:50:49.718101
2026-05-04,GRASIM.NS,2856.0,2898.84,2813.16,64.5,1.21,CLOSED,2831.0,-0.88%,2871.5,+0.54%,WIN,2026-07-22T00:50:49.721116
2026-05-20,GRASIM.NS,2971.1,3015.67,2926.53,65.7,1.45,CLOSED,3060.7,+3.02%,3060.7,+3.02%,WIN,2026-07-22T00:50:49.721275
2026-05-21,GRASIM.NS,3154.5,3201.82,3107.18,77.5,4.81,CLOSED,3178.0,+0.74%,3155.3,+0.03%,WIN,2026-07-22T00:50:49.721298
2026-02-04,HDFCAMC.NS,2666.67,2706.67,2626.67,64.1,2.48,CLOSED,2666.67,+0.00%,2706.67,+1.50%,WIN,2026-07-22T00:50:49.730178
2026-04-15,HDFCAMC.NS,2606.69,2645.79,2567.59,60.1,1.48,CLOSED,2643.38,+1.41%,2645.79,+1.50%,WIN,2026-07-22T00:50:49.730664
2026-04-17,HDFCAMC.NS,2732.63,2773.62,2691.64,65.3,1.4,CLOSED,2732.04,-0.02%,2708.95,-0.87%,LOSS,2026-07-22T00:50:49.730696
2026-07-01,HDFCAMC.NS,2745.8,2786.99,2704.61,60.8,1.28,CLOSED,2747.0,+0.04%,2759.6,+0.50%,WIN,2026-07-22T00:50:49.731253
2026-07-06,HDFCBANK.NS,829.85,842.3,817.4,74.6,1.91,CLOSED,843.0,+1.58%,843.0,+1.58%,WIN,2026-07-22T00:50:49.737190
2026-05-20,HINDALCO.NS,1079.87,1096.06,1063.67,60.4,2.75,CLOSED,1093.0,+1.22%,1096.06,+1.50%,WIN,2026-07-22T00:50:49.759051
2026-04-16,HAL.NS,4363.4,4428.85,4297.95,70.4,1.5,CLOSED,4380.0,+0.38%,4388.1,+0.57%,WIN,2026-07-22T00:50:49.762067
2026-05-04,HAL.NS,4559.5,4627.89,4491.11,72.0,2.64,CLOSED,4559.0,-0.01%,4627.89,+1.50%,WIN,2026-07-22T00:50:49.762208
2026-05-07,HAL.NS,4782.1,4853.83,4710.37,78.5,1.66,CLOSED,4794.0,+0.25%,4788.1,+0.13%,WIN,2026-07-22T00:50:49.762251
2026-05-06,HINDPETRO.NS,399.2,405.19,393.21,64.3,1.62,CLOSED,399.4,+0.05%,393.21,-1.50%,LOSS,2026-07-22T00:50:49.767193
2026-06-24,HINDPETRO.NS,412.9,419.09,406.71,62.1,1.24,CLOSED,418.5,+1.36%,419.09,+1.50%,WIN,2026-07-22T00:50:49.768459
2026-02-06,POWERINDIA.NS,21871.0,22199.06,21542.94,72.6,4.45,CLOSED,21900.0,+0.13%,22199.06,+1.50%,WIN,2026-07-22T00:50:49.783658
2026-04-09,POWERINDIA.NS,27315.0,27724.72,26905.27,67.9,1.95,CLOSED,27680.0,+1.34%,27724.72,+1.50%,WIN,2026-07-22T00:50:49.784101
2026-05-20,POWERINDIA.NS,35525.0,36057.88,34992.12,71.4,2.04,CLOSED,35980.0,+1.28%,36057.88,+1.50%,WIN,2026-07-22T00:50:49.784413
2026-05-27,POWERINDIA.NS,37550.0,38113.25,36986.75,73.8,1.94,CLOSED,37550.0,+0.00%,37550.0,+0.00%,LOSS,2026-07-22T00:50:49.784477
2026-04-13,HUDCO.NS,187.97,190.79,185.15,60.1,1.41,CLOSED,190.1,+1.13%,190.79,+1.50%,WIN,2026-07-22T00:50:49.787493
2026-04-23,HUDCO.NS,204.46,207.53,201.39,70.8,1.51,CLOSED,205.48,+0.50%,207.53,+1.50%,WIN,2026-07-22T00:50:49.787581
2026-07-03,HUDCO.NS,215.56,218.79,212.33,60.6,3.21,CLOSED,216.99,+0.66%,212.33,-1.50%,LOSS,2026-07-22T00:50:49.788125
2026-02-04,IOC.NS,170.63,173.19,168.07,72.0,2.58,CLOSED,172.07,+0.85%,173.19,+1.50%,WIN,2026-07-22T00:50:49.838752
2026-02-24,IOC.NS,177.95,180.62,175.28,65.3,1.38,CLOSED,178.75,+0.45%,180.62,+1.50%,WIN,2026-07-22T00:50:49.838927
2026-07-03,INDUSINDBK.NS,974.35,988.97,959.73,65.7,1.82,CLOSED,968.0,-0.65%,988.97,+1.50%,WIN,2026-07-22T00:50:49.870651
2026-07-06,INDUSINDBK.NS,1009.8,1024.95,994.65,71.8,2.26,CLOSED,1009.7,-0.01%,1024.95,+1.50%,WIN,2026-07-22T00:50:49.870701
2026-05-06,LTF.NS,297.24,301.7,292.78,65.3,1.73,CLOSED,298.72,+0.50%,301.7,+1.50%,WIN,2026-07-22T00:50:49.946689
2026-06-24,LTF.NS,296.55,301.0,292.1,62.0,1.24,CLOSED,299.25,+0.91%,301.0,+1.50%,WIN,2026-07-22T00:50:49.947926
2026-06-30,LTF.NS,310.75,315.41,306.09,69.9,1.85,CLOSED,312.7,+0.63%,315.41,+1.50%,WIN,2026-07-22T00:50:49.948090
2026-07-03,LTF.NS,327.0,331.9,322.09,76.8,1.39,CLOSED,330.0,+0.92%,331.9,+1.50%,WIN,2026-07-22T00:50:49.948210
2026-07-09,LTF.NS,321.1,325.92,316.28,62.7,1.4,CLOSED,323.0,+0.59%,325.92,+1.50%,WIN,2026-07-22T00:50:49.948364
2026-02-25,LAURUSLABS.NS,1075.28,1091.41,1059.15,63.9,1.5,CLOSED,1078.93,+0.34%,1091.41,+1.50%,WIN,2026-07-22T00:50:49.975613
2026-05-04,LAURUSLABS.NS,1165.24,1182.72,1147.76,65.3,2.95,CLOSED,1171.33,+0.52%,1162.94,-0.20%,LOSS,2026-07-22T00:50:49.976087
2026-06-19,LAURUSLABS.NS,1412.9,1434.09,1391.71,63.6,1.4,CLOSED,1415.0,+0.15%,1434.09,+1.50%,WIN,2026-07-22T00:50:49.976462
2026-07-01,LODHA.NS,992.3,1007.18,977.42,66.8,1.41,CLOSED,993.5,+0.12%,1007.18,+1.50%,WIN,2026-07-22T00:50:49.988802
2026-07-03,LODHA.NS,1057.0,1072.85,1041.14,74.9,3.56,CLOSED,1063.95,+0.66%,1072.85,+1.50%,WIN,2026-07-22T00:50:49.988889
2026-07-06,LODHA.NS,1095.9,1112.34,1079.46,78.4,2.48,CLOSED,1095.9,+0.00%,1102.55,+0.61%,WIN,2026-07-22T00:50:49.988937
2026-05-06,LUPIN.NS,2425.31,2461.69,2388.93,69.4,2.77,CLOSED,2437.23,+0.49%,2461.69,+1.50%,WIN,2026-07-22T00:50:49.993735
2026-06-29,LUPIN.NS,2391.96,2427.84,2356.08,67.9,2.8,CLOSED,2392.06,+0.00%,2401.59,+0.40%,WIN,2026-07-22T00:50:49.995054
2026-07-03,M&MFIN.NS,326.7,331.6,321.8,67.1,2.83,CLOSED,331.54,+1.48%,331.6,+1.50%,WIN,2026-07-22T00:50:50.007672
2026-02-09,MFSL.NS,1753.2,1779.5,1726.9,66.1,1.68,CLOSED,1759.5,+0.36%,1726.9,-1.50%,LOSS,2026-07-22T00:50:50.035465
2026-04-17,MOTILALOFS.NS,815.45,827.68,803.22,65.5,1.77,CLOSED,816.0,+0.07%,827.68,+1.50%,WIN,2026-07-22T00:50:50.054429
2026-05-04,MOTILALOFS.NS,836.6,849.15,824.05,65.4,2.15,CLOSED,836.6,+0.00%,843.7,+0.85%,WIN,2026-07-22T00:50:50.054560
2026-06-15,MOTILALOFS.NS,939.45,953.54,925.36,65.5,2.75,CLOSED,948.95,+1.01%,944.25,+0.51%,WIN,2026-07-22T00:50:50.054890
2026-05-11,MCX.NS,3187.9,3235.72,3140.08,77.1,2.4,CLOSED,3200.0,+0.38%,3235.72,+1.50%,WIN,2026-07-22T00:50:50.064129
2026-02-12,MUTHOOTFIN.NS,4032.8,4093.29,3972.31,60.1,1.47,CLOSED,3837.55,-4.84%,3837.55,-4.84%,LOSS,2026-07-22T00:50:50.067082
2026-04-23,NESTLEIND.NS,1403.75,1424.81,1382.7,78.4,1.39,CLOSED,1413.21,+0.67%,1414.5,+0.77%,WIN,2026-07-22T00:50:50.095198
2026-04-28,NESTLEIND.NS,1433.11,1454.61,1411.61,80.0,1.69,CLOSED,1438.09,+0.35%,1454.61,+1.50%,WIN,2026-07-22T00:50:50.095245
2026-04-09,OBEROIRLTY.NS,1651.46,1676.23,1626.69,68.1,1.55,CLOSED,1650.46,-0.06%,1676.23,+1.50%,WIN,2026-07-22T00:50:50.098856
2026-05-25,OBEROIRLTY.NS,1712.4,1738.09,1686.71,61.9,1.59,CLOSED,1713.8,+0.08%,1686.71,-1.50%,LOSS,2026-07-22T00:50:50.099181
2026-06-24,OBEROIRLTY.NS,1753.1,1779.4,1726.8,64.7,2.16,CLOSED,1768.4,+0.87%,1779.4,+1.50%,WIN,2026-07-22T00:50:50.099422
2026-07-02,OBEROIRLTY.NS,1864.7,1892.67,1836.73,76.4,2.41,CLOSED,1885.0,+1.09%,1892.67,+1.50%,WIN,2026-07-22T00:50:50.099498
2026-02-19,ONGC.NS,274.65,278.77,270.53,66.2,1.84,CLOSED,277.4,+1.00%,278.77,+1.50%,WIN,2026-07-22T00:50:50.101969
2026-04-08,ONGC.NS,285.5,289.78,281.22,62.3,1.63,CLOSED,284.9,-0.21%,289.78,+1.50%,WIN,2026-07-22T00:50:50.102296
2026-04-28,ONGC.NS,301.3,305.82,296.78,72.7,2.44,CLOSED,303.9,+0.86%,305.82,+1.50%,WIN,2026-07-22T00:50:50.102446
2026-04-22,OFSS.NS,7900.17,8018.67,7781.67,72.3,2.1,CLOSED,8195.22,+3.73%,8195.22,+3.73%,WIN,2026-07-22T00:50:50.118211
2026-05-27,OFSS.NS,10299.5,10453.99,10145.01,77.6,1.82,CLOSED,10299.5,+0.00%,10299.5,+0.00%,LOSS,2026-07-22T00:50:50.118496
2026-06-24,OFSS.NS,10468.5,10625.53,10311.47,68.9,2.84,CLOSED,10504.0,+0.34%,10625.53,+1.50%,WIN,2026-07-22T00:50:50.118713
2026-06-25,OFSS.NS,10974.5,11139.12,10809.88,74.5,3.88,CLOSED,10974.5,+0.00%,10974.5,+0.00%,LOSS,2026-07-22T00:50:50.118733
2026-07-10,OFSS.NS,11651.0,11825.76,11476.24,74.9,1.6,CLOSED,11625.0,-0.22%,11825.76,+1.50%,WIN,2026-07-22T00:50:50.118862
2026-06-15,PHOENIXLTD.NS,1846.9,1874.6,1819.2,63.8,1.47,CLOSED,1867.5,+1.12%,1874.6,+1.50%,WIN,2026-07-22T00:50:50.154974
2026-06-24,PHOENIXLTD.NS,1912.3,1940.98,1883.62,66.9,1.21,CLOSED,1919.0,+0.35%,1940.98,+1.50%,WIN,2026-07-22T00:50:50.155244
2026-02-24,POLYCAB.NS,8082.15,8203.38,7960.92,67.7,3.05,CLOSED,8082.15,+0.00%,8203.38,+1.50%,WIN,2026-07-22T00:50:50.164397
2026-02-25,POLYCAB.NS,8309.08,8433.71,8184.44,72.2,2.95,CLOSED,8309.07,-0.00%,8433.71,+1.50%,WIN,2026-07-22T00:50:50.164418
2026-05-07,POLYCAB.NS,8960.48,9094.89,8826.08,75.2,3.95,CLOSED,8987.36,+0.30%,9094.89,+1.50%,WIN,2026-07-22T00:50:50.164910
2026-06-17,POLYCAB.NS,9879.62,10027.82,9731.43,69.7,2.38,CLOSED,9902.02,+0.23%,9905.5,+0.26%,WIN,2026-07-22T00:50:50.165232
2026-02-03,POWERGRID.NS,280.06,284.26,275.86,70.9,3.51,CLOSED,285.59,+1.98%,285.59,+1.98%,WIN,2026-07-22T00:50:50.173697
2026-04-15,POWERGRID.NS,312.45,317.14,307.76,67.1,1.25,CLOSED,315.0,+0.82%,312.25,-0.06%,LOSS,2026-07-22T00:50:50.174204
2026-07-20,PNB.NS,111.76,113.44,110.08,65.2,7.86,CLOSED,111.7,-0.05%,112.08,+0.29%,WIN,2026-07-22T00:50:50.190559
2026-04-16,RADICO.NS,3036.4,3081.95,2990.85,66.0,2.35,CLOSED,3040.1,+0.12%,3081.95,+1.50%,WIN,2026-07-22T00:50:50.199470
2026-04-20,RADICO.NS,3340.1,3390.2,3290.0,75.0,2.44,CLOSED,3356.8,+0.50%,3390.2,+1.50%,WIN,2026-07-22T00:50:50.199504
2026-06-19,RADICO.NS,3769.2,3825.74,3712.66,72.5,2.78,CLOSED,3770.0,+0.02%,3778.6,+0.25%,WIN,2026-07-22T00:50:50.200006
2026-06-30,RADICO.NS,3945.5,4004.68,3886.32,76.8,2.25,CLOSED,3946.0,+0.01%,3952.6,+0.18%,WIN,2026-07-22T00:50:50.200091
2026-07-06,RADICO.NS,4106.7,4168.3,4045.1,76.5,2.91,CLOSED,4135.7,+0.71%,4098.6,-0.20%,LOSS,2026-07-22T00:50:50.200144
2026-02-09,MOTHERSON.NS,123.81,125.67,121.95,63.7,1.46,CLOSED,124.3,+0.39%,125.67,+1.50%,WIN,2026-07-22T00:50:50.233184
2026-04-15,SIEMENS.NS,3576.1,3629.74,3522.46,68.6,5.51,CLOSED,3600.0,+0.67%,3563.8,-0.34%,LOSS,2026-07-22T00:50:50.266412
2026-04-17,SIEMENS.NS,3707.9,3763.52,3652.28,72.0,2.02,CLOSED,3702.0,-0.16%,3763.52,+1.50%,WIN,2026-07-22T00:50:50.266446
2026-05-27,SIEMENS.NS,3878.7,3936.88,3820.52,60.8,4.0,CLOSED,3878.7,+0.00%,3878.7,+0.00%,LOSS,2026-07-22T00:50:50.266773
2026-03-02,SOLARINDS.NS,13989.0,14198.83,13779.16,61.8,3.15,CLOSED,14124.0,+0.97%,14198.83,+1.50%,WIN,2026-07-22T00:50:50.269543
2026-03-04,SOLARINDS.NS,14523.0,14740.84,14305.16,67.9,5.03,CLOSED,14796.0,+1.88%,14796.0,+1.88%,WIN,2026-07-22T00:50:50.269564
2026-05-14,SOLARINDS.NS,16665.0,16914.97,16415.03,69.0,2.54,CLOSED,16740.0,+0.45%,16914.97,+1.50%,WIN,2026-07-22T00:50:50.270068
2026-05-15,SOLARINDS.NS,17314.0,17573.71,17054.29,73.7,4.43,CLOSED,17509.0,+1.13%,17573.71,+1.50%,WIN,2026-07-22T00:50:50.270088
2026-05-18,SOLARINDS.NS,18019.0,18289.28,17748.72,77.6,4.63,CLOSED,18100.0,+0.45%,18289.28,+1.50%,WIN,2026-07-22T00:50:50.270108
2026-06-30,SOLARINDS.NS,18696.0,18976.44,18415.56,61.8,2.12,CLOSED,18700.0,+0.02%,18610.0,-0.46%,LOSS,2026-07-22T00:50:50.270448
2026-03-05,SUNPHARMA.NS,1779.84,1806.53,1753.14,64.4,1.72,CLOSED,1779.84,+0.00%,1794.7,+0.83%,WIN,2026-07-22T00:50:50.285316
2026-03-09,SUNPHARMA.NS,1802.68,1829.72,1775.64,67.8,1.95,CLOSED,1805.27,+0.14%,1808.06,+0.30%,WIN,2026-07-22T00:50:50.285349
2026-07-09,SUNPHARMA.NS,1938.7,1967.78,1909.62,72.4,2.53,CLOSED,1942.8,+0.21%,1935.5,-0.17%,LOSS,2026-07-22T00:50:50.286241
2026-07-14,SUNPHARMA.NS,1942.6,1971.74,1913.46,69.6,1.51,CLOSED,1955.0,+0.64%,1951.5,+0.46%,WIN,2026-07-22T00:50:50.286288
2026-04-15,SUZLON.NS,49.13,49.87,48.39,71.3,2.79,CLOSED,50.03,+1.83%,50.03,+1.83%,WIN,2026-07-22T00:50:50.295173
2026-04-22,SUZLON.NS,54.57,55.39,53.75,78.8,1.39,CLOSED,54.51,-0.11%,53.75,-1.50%,LOSS,2026-07-22T00:50:50.295246
2026-04-27,SUZLON.NS,56.93,57.78,56.08,79.4,1.88,CLOSED,57.15,+0.39%,57.78,+1.50%,WIN,2026-07-22T00:50:50.295293
2026-05-27,SUZLON.NS,57.53,58.39,56.67,69.0,2.73,CLOSED,57.53,+0.00%,57.53,+0.00%,LOSS,2026-07-22T00:50:50.295541
2026-02-11,TVSMOTOR.NS,3851.64,3909.41,3793.86,65.7,1.38,CLOSED,3861.5,+0.26%,3867.68,+0.42%,WIN,2026-07-22T00:50:50.304589
2026-06-25,TVSMOTOR.NS,3569.7,3623.25,3516.15,61.5,2.1,CLOSED,3569.7,+0.00%,3569.7,+0.00%,LOSS,2026-07-22T00:50:50.307913
2026-02-24,TORNTPHARM.NS,4389.18,4455.01,4323.34,77.0,2.17,CLOSED,4411.23,+0.50%,4410.14,+0.48%,WIN,2026-07-22T00:50:50.385932
2026-05-11,TORNTPHARM.NS,4508.14,4575.76,4440.52,71.7,1.85,CLOSED,4500.56,-0.17%,4440.52,-1.50%,LOSS,2026-07-22T00:50:50.386455
2026-06-11,TORNTPHARM.NS,4572.2,4640.78,4503.62,62.1,1.59,CLOSED,4619.5,+1.03%,4640.78,+1.50%,WIN,2026-07-22T00:50:50.386707
2026-04-20,TRENT.NS,2824.36,2866.73,2781.99,68.6,1.73,CLOSED,2838.47,+0.50%,2866.73,+1.50%,WIN,2026-07-22T00:50:50.389670
2026-05-22,TRENT.NS,2860.11,2903.01,2817.21,60.9,1.51,CLOSED,2889.73,+1.04%,2903.01,+1.50%,WIN,2026-07-22T00:50:50.389935
2026-06-17,TRENT.NS,3102.8,3149.34,3056.26,71.5,5.1,CLOSED,3125.0,+0.72%,3149.34,+1.50%,WIN,2026-07-22T00:50:50.390139
2026-06-18,TRENT.NS,3179.7,3227.4,3132.0,74.4,2.73,CLOSED,3182.0,+0.07%,3205.8,+0.82%,WIN,2026-07-22T00:50:50.390159
2026-02-04,TIINDIA.NS,2635.17,2674.7,2595.64,65.1,1.92,CLOSED,2647.96,+0.49%,2595.64,-1.50%,LOSS,2026-07-22T00:50:50.392563
2026-02-26,TIINDIA.NS,2720.3,2761.1,2679.5,66.1,1.21,CLOSED,2720.3,+0.00%,2761.1,+1.50%,WIN,2026-07-22T00:50:50.392753
2026-03-02,TIINDIA.NS,2837.6,2880.16,2795.04,71.3,2.65,CLOSED,2803.5,-1.20%,2795.04,-1.50%,LOSS,2026-07-22T00:50:50.392786
2026-04-22,TIINDIA.NS,3024.4,3069.77,2979.03,74.3,1.44,CLOSED,3037.9,+0.45%,3069.77,+1.50%,WIN,2026-07-22T00:50:50.393132
2026-05-27,TIINDIA.NS,3210.5,3258.66,3162.34,69.6,1.96,CLOSED,3210.5,+0.00%,3210.5,+0.00%,LOSS,2026-07-22T00:50:50.393409
2026-02-17,UNIONBANK.NS,183.47,186.23,180.72,69.3,1.84,CLOSED,184.55,+0.59%,186.23,+1.50%,WIN,2026-07-22T00:50:50.408539
2026-02-18,UNIONBANK.NS,187.57,190.39,184.76,72.6,1.7,CLOSED,187.57,-0.00%,184.76,-1.50%,LOSS,2026-07-22T00:50:50.408561
2026-07-20,UNIONBANK.NS,175.93,178.57,173.29,62.4,2.02,CLOSED,175.93,+0.00%,178.57,+1.50%,WIN,2026-07-22T00:50:50.409686
2026-04-21,UNITDSPR.NS,1352.58,1372.87,1332.3,61.0,1.51,CLOSED,1366.08,+1.00%,1372.87,+1.50%,WIN,2026-07-22T00:50:50.413659
2026-06-24,UNITDSPR.NS,1348.71,1368.94,1328.48,64.3,1.77,CLOSED,1356.55,+0.58%,1368.94,+1.50%,WIN,2026-07-22T00:50:50.415373
2026-07-06,UNITDSPR.NS,1416.39,1437.64,1395.15,70.1,1.35,CLOSED,1424.03,+0.54%,1428.4,+0.85%,WIN,2026-07-22T00:50:50.415672
2026-04-16,DREDGECORP.NS,971.95,986.53,957.37,61.0,3.5,CLOSED,978.0,+0.62%,986.53,+1.50%,WIN,2026-07-22T00:50:50.474015
2026-06-02,DREDGECORP.NS,1223.3,1241.65,1204.95,70.7,1.21,CLOSED,1230.0,+0.55%,1241.65,+1.50%,WIN,2026-07-22T00:50:50.474377
2026-02-20,HSCL.NS,489.04,496.37,481.7,67.8,2.22,CLOSED,496.68,+1.56%,496.68,+1.56%,WIN,2026-07-22T00:50:50.483222
2026-06-04,HSCL.NS,642.0,651.63,632.37,68.1,2.03,CLOSED,645.75,+0.58%,651.63,+1.50%,WIN,2026-07-22T00:50:50.483955
2026-06-09,HSCL.NS,679.5,689.69,669.31,70.5,1.32,CLOSED,682.0,+0.37%,689.69,+1.50%,WIN,2026-07-22T00:50:50.483998
2026-07-17,HSCL.NS,741.55,752.67,730.43,68.9,1.53,CLOSED,742.05,+0.07%,752.67,+1.50%,WIN,2026-07-22T00:50:50.484299
