date,symbol,setup_type,score,close,stop_loss,target,reasons,created_at
2026-05-06,ADANIENT.NS,momentum,8,2539.16,2384.94,2770.5,"Uptrend (above rising SMA50), Near 20-day high, ADX greater than 25, Open-Low Same (conviction buy), Strong RSI momentum, Weekly trend aligned (above Weekly EMA20), Outperforming index, Inside Bar breakout",2026-07-08T21:15:10.290117
2026-05-06,BOSCHLTD.NS,momentum,8,36645.0,34689.16,39578.76,"Uptrend (above rising SMA50), RSI in healthy zone, Volume contracting (low selling pressure), Weekly trend aligned (above Weekly EMA20), Stochastic oversold pullback, Inside Bar breakout, NR7 narrow-range breakout, EMA 21 support pullback",2026-07-08T21:15:10.290148
2026-05-06,HINDZINC.NS,momentum_breakout,8,634.6,595.99,692.51,"Uptrend (above rising SMA50), Volume spike (>1.5x avg), Near 20-day high, Momentum Breakout (VCP + volume spike), Strong RSI momentum, Weekly trend aligned (above Weekly EMA20), Outperforming index",2026-07-08T21:15:10.290154
2026-05-07,NESTLEIND.NS,momentum,8,1476.0,1415.72,1566.42,"Uptrend (above rising SMA50), Near 20-day high, ADX greater than 25, Recent SMA50/SMA100 bullish crossover, Strong RSI momentum, Volume contracting (low selling pressure), Weekly trend aligned (above Weekly EMA20), Outperforming index",2026-07-08T21:15:41.638891
2026-05-07,HAL.NS,momentum,8,4782.1,4558.53,5117.46,"Uptrend (above rising SMA50), Volume spike (>1.5x avg), Near 20-day high, ADX greater than 25, Strong RSI momentum, Weekly trend aligned (above Weekly EMA20), Outperforming index, Inside Bar breakout",2026-07-08T21:15:41.639822
2026-05-07,CGPOWER.NS,macd_crossover,8,859.1,792.73,958.65,"Uptrend (above rising SMA50), MACD bullish crossover, Volume spike (>1.5x avg), Near 20-day high, ADX greater than 25, Strong RSI momentum, Weekly trend aligned (above Weekly EMA20), Outperforming index",2026-07-08T21:15:41.640594
2026-05-07,TATACONSUM.NS,momentum,8,1142.04,1090.51,1219.33,"Uptrend (above rising SMA50), RSI in healthy zone, ADX greater than 25, Pullback to SMA100 support, Volume contracting (low selling pressure), Weekly trend aligned (above Weekly EMA20), Outperforming index, EMA 21 support pullback",2026-07-08T21:15:41.641279
2026-05-08,TATACONSUM.NS,macd_crossover,10,1166.33,1099.04,1267.27,"Uptrend (above rising SMA50), RSI in healthy zone, MACD bullish crossover, Volume spike (>1.5x avg), Near 20-day high, ADX greater than 25, Open-Low Same (conviction buy), Pullback to SMA100 support, Weekly trend aligned (above Weekly EMA20), Outperforming index",2026-07-08T21:16:12.755914
2026-05-08,ASIANPAINT.NS,momentum_breakout,10,2599.9,2475.45,2786.57,"Uptrend (above rising SMA50), MACD bullish crossover, Volume spike (>1.5x avg), Near 20-day high, ADX greater than 25, Momentum Breakout (VCP + volume spike), Strong RSI momentum, Weekly trend aligned (above Weekly EMA20), Outperforming index",2026-07-08T21:16:12.756789
2026-05-08,TITAN.NS,momentum,9,4509.0,4270.8,4866.3,"Uptrend (above rising SMA50), RSI in healthy zone, Volume spike (>1.5x avg), Near 20-day high, Pullback to SMA100 support, Weekly trend aligned (above Weekly EMA20), Outperforming index, Stochastic oversold pullback, Bollinger Band lower support pullback",2026-07-08T21:16:12.757608
2026-05-08,NESTLEIND.NS,momentum,8,1482.4,1422.67,1572.0,"Uptrend (above rising SMA50), Near 20-day high, ADX greater than 25, Recent SMA50/SMA100 bullish crossover, Strong RSI momentum, Volume contracting (low selling pressure), Weekly trend aligned (above Weekly EMA20), Outperforming index",2026-07-08T21:16:12.758331
2026-05-08,HDFCAMC.NS,momentum,8,2792.91,2643.11,3017.62,"Uptrend (above rising SMA50), RSI in healthy zone, Near 20-day high, ADX greater than 25, Open-Low Same (conviction buy), Volume contracting (low selling pressure), Weekly trend aligned (above Weekly EMA20), Outperforming index",2026-07-08T21:16:12.758971
2026-05-08,CUMMINSIND.NS,macd_crossover,8,5401.0,5085.51,5874.23,"Uptrend (above rising SMA50), MACD bullish crossover, Near 20-day high, ADX greater than 25, Strong RSI momentum, Volume contracting (low selling pressure), Weekly trend aligned (above Weekly EMA20), Outperforming index",2026-07-08T21:16:12.759635
2026-05-11,TATACONSUM.NS,macd_crossover,9,1260.34,1179.57,1381.48,"Uptrend (above rising SMA50), MACD bullish crossover, Volume spike (>1.5x avg), Near 20-day high, ADX greater than 25, Open-Low Same (conviction buy), Strong RSI momentum, Weekly trend aligned (above Weekly EMA20), Outperforming index",2026-07-08T21:16:44.504532
2026-05-11,TORNTPHARM.NS,momentum_breakout,9,4508.14,4311.11,4803.69,"Uptrend (above rising SMA50), Volume spike (>1.5x avg), Near 20-day high, Momentum Breakout (VCP + volume spike), Strong RSI momentum, Volume contracting (low selling pressure), Weekly trend aligned (above Weekly EMA20), Outperforming index",2026-07-08T21:16:44.505631
2026-05-12,ONGC.NS,momentum,8,294.5,279.35,317.22,"Uptrend (above rising SMA50), RSI in healthy zone, Volume spike (>1.5x avg), ADX greater than 25, Open-Low Same (conviction buy), Weekly trend aligned (above Weekly EMA20), Outperforming index, Stochastic oversold pullback",2026-07-08T21:17:15.196044
2026-05-12,HINDZINC.NS,momentum_breakout,8,641.9,605.28,696.83,"Uptrend (above rising SMA50), Volume spike (>1.5x avg), Near 20-day high, Momentum Breakout (VCP + volume spike), Strong RSI momentum, Weekly trend aligned (above Weekly EMA20), Outperforming index",2026-07-08T21:17:15.196950
2026-05-13,MAZDOCK.NS,pullback_sma50,10,2518.5,2329.56,2801.91,"Uptrend (above rising SMA50), RSI in healthy zone, Recent SMA50/SMA100 bullish crossover, Pullback to SMA50 (4d after golden cross), Open-Low Same (conviction buy), Pullback to SMA100 support, Volume contracting (low selling pressure), Stochastic oversold pullback, Bollinger Band lower support pullback",2026-07-08T21:17:47.364035
2026-05-13,DIVISLAB.NS,momentum_breakout,9,6796.0,6521.34,7207.99,"Uptrend (above rising SMA50), Volume spike (>1.5x avg), Near 20-day high, ADX greater than 25, Momentum Breakout (VCP + volume spike), Strong RSI momentum, Weekly trend aligned (above Weekly EMA20), Outperforming index",2026-07-08T21:17:47.364932
2026-05-13,TATASTEEL.NS,momentum_breakout,9,215.18,205.83,229.21,"Uptrend (above rising SMA50), RSI in healthy zone, Volume spike (>1.5x avg), Near 20-day high, Momentum Breakout (VCP + volume spike), Open-Low Same (conviction buy), Weekly trend aligned (above Weekly EMA20), Outperforming index",2026-07-08T21:17:47.365714
2026-05-13,ADANIPOWER.NS,momentum,8,213.87,197.33,238.68,"Uptrend (above rising SMA50), RSI in healthy zone, ADX greater than 25, Open-Low Same (conviction buy), Volume contracting (low selling pressure), Weekly trend aligned (above Weekly EMA20), Outperforming index, EMA 21 support pullback",2026-07-08T21:17:47.366381
2026-05-13,VBL.NS,momentum,8,489.15,460.36,532.33,"Uptrend (above rising SMA50), RSI in healthy zone, ADX greater than 25, Open-Low Same (conviction buy), Volume contracting (low selling pressure), Weekly trend aligned (above Weekly EMA20), Outperforming index, EMA 21 support pullback",2026-07-08T21:17:47.366989
2026-05-13,HINDALCO.NS,momentum,8,1073.1,1019.01,1154.23,"Uptrend (above rising SMA50), RSI in healthy zone, Near 20-day high, ADX greater than 25, Open-Low Same (conviction buy), Volume contracting (low selling pressure), Weekly trend aligned (above Weekly EMA20), Outperforming index",2026-07-08T21:17:47.367625
2026-05-13,ASIANPAINT.NS,momentum,8,2617.6,2483.11,2819.34,"Uptrend (above rising SMA50), Volume spike (>1.5x avg), Near 20-day high, ADX greater than 25, Open-Low Same (conviction buy), Strong RSI momentum, Weekly trend aligned (above Weekly EMA20), Outperforming index",2026-07-08T21:17:47.368540
2026-05-14,ADANIENT.NS,momentum_breakout,11,2711.69,2534.91,2976.85,"Uptrend (above rising SMA50), MACD bullish crossover, Volume spike (>1.5x avg), Near 20-day high, ADX greater than 25, Momentum Breakout (VCP + volume spike), Open-Low Same (conviction buy), Strong RSI momentum, Weekly trend aligned (above Weekly EMA20), Outperforming index",2026-07-08T21:18:16.549611
2026-05-14,SOLARINDS.NS,momentum_breakout,11,16665.0,15695.13,18119.81,"Uptrend (above rising SMA50), MACD bullish crossover, Volume spike (>1.5x avg), Near 20-day high, ADX greater than 25, Momentum Breakout (VCP + volume spike), Strong RSI momentum, Weekly trend aligned (above Weekly EMA20), Outperforming index, Inside Bar breakout",2026-07-08T21:18:16.550379
2026-05-14,DIVISLAB.NS,momentum,8,6921.5,6644.74,7336.64,"Uptrend (above rising SMA50), Near 20-day high, ADX greater than 25, Recent SMA50/SMA100 bullish crossover, Open-Low Same (conviction buy), Strong RSI momentum, Weekly trend aligned (above Weekly EMA20), Outperforming index",2026-07-08T21:18:16.551020
2026-05-14,CIPLA.NS,momentum,8,1423.35,1349.54,1534.06,"Uptrend (above rising SMA50), Volume spike (>1.5x avg), Near 20-day high, ADX greater than 25, Open-Low Same (conviction buy), Strong RSI momentum, Weekly trend aligned (above Weekly EMA20), Outperforming index",2026-07-08T21:18:16.551617
2026-05-14,ADANIPORTS.NS,momentum,8,1765.96,1663.43,1919.75,"Uptrend (above rising SMA50), Near 20-day high, ADX greater than 25, Strong RSI momentum, Volume contracting (low selling pressure), Weekly trend aligned (above Weekly EMA20), Outperforming index, Inside Bar breakout",2026-07-08T21:18:16.552200
2026-05-14,JSWSTEEL.NS,momentum_breakout,8,1296.9,1240.86,1380.96,"Uptrend (above rising SMA50), RSI in healthy zone, Volume spike (>1.5x avg), Near 20-day high, Momentum Breakout (VCP + volume spike), Weekly trend aligned (above Weekly EMA20), Outperforming index",2026-07-08T21:18:16.552829
2026-05-15,ADANIPORTS.NS,momentum_breakout,10,1787.57,1684.15,1942.69,"Uptrend (above rising SMA50), Volume spike (>1.5x avg), Near 20-day high, ADX greater than 25, Momentum Breakout (VCP + volume spike), Strong RSI momentum, Weekly trend aligned (above Weekly EMA20), Outperforming index, NR7 narrow-range breakout",2026-07-08T21:18:47.067530
2026-05-15,ADANIENT.NS,macd_crossover,8,2714.79,2484.24,3060.61,"Uptrend (above rising SMA50), MACD bullish crossover, Volume spike (>1.5x avg), Near 20-day high, ADX greater than 25, Strong RSI momentum, Weekly trend aligned (above Weekly EMA20), Outperforming index",2026-07-08T21:18:47.068753
2026-05-15,SOLARINDS.NS,macd_crossover,8,17314.0,15983.62,19309.57,"Uptrend (above rising SMA50), MACD bullish crossover, Volume spike (>1.5x avg), Near 20-day high, ADX greater than 25, Strong RSI momentum, Weekly trend aligned (above Weekly EMA20), Outperforming index",2026-07-08T21:18:47.069786
2026-05-18,ADANIENT.NS,macd_crossover,8,2688.6,2462.29,3028.06,"Uptrend (above rising SMA50), MACD bullish crossover, Near 20-day high, ADX greater than 25, Recent SMA50/SMA100 bullish crossover, Strong RSI momentum, Weekly trend aligned (above Weekly EMA20), Outperforming index",2026-07-08T21:19:16.777833
2026-05-18,SOLARINDS.NS,macd_crossover,8,18019.0,16629.71,20102.94,"Uptrend (above rising SMA50), MACD bullish crossover, Volume spike (>1.5x avg), Near 20-day high, ADX greater than 25, Strong RSI momentum, Weekly trend aligned (above Weekly EMA20), Outperforming index",2026-07-08T21:19:16.779537
2026-05-18,SUNPHARMA.NS,momentum,8,1905.8,1821.29,2032.57,"Uptrend (above rising SMA50), Near 20-day high, ADX greater than 25, Strong RSI momentum, Volume contracting (low selling pressure), Weekly trend aligned (above Weekly EMA20), Outperforming index, NR7 narrow-range breakout",2026-07-08T21:19:16.780490
2026-05-19,ZYDUSLIFE.NS,momentum,8,1018.9,964.21,1100.94,"Uptrend (above rising SMA50), Volume spike (>1.5x avg), Near 20-day high, ADX greater than 25, Open-Low Same (conviction buy), Strong RSI momentum, Weekly trend aligned (above Weekly EMA20), Outperforming index",2026-07-08T21:19:45.636764
2026-05-19,DREDGECORP.NS,momentum_breakout,8,1004.7,913.18,1141.98,"RSI in healthy zone, Volume spike (>1.5x avg), Near 20-day high, Momentum Breakout (VCP + volume spike), Weekly trend aligned (above Weekly EMA20), Outperforming index, Bollinger Band lower support pullback",2026-07-08T21:19:45.637626
2026-05-20,ADANIENT.NS,momentum,8,2703.59,2530.56,2963.14,"Uptrend (above rising SMA50), Near 20-day high, ADX greater than 25, Recent SMA50/SMA100 bullish crossover, Strong RSI momentum, Volume contracting (low selling pressure), Weekly trend aligned (above Weekly EMA20), Outperforming index",2026-07-08T21:20:14.401140
2026-05-20,DIVISLAB.NS,momentum,8,6893.0,6597.4,7336.4,"Uptrend (above rising SMA50), Volume spike (>1.5x avg), Near 20-day high, ADX greater than 25, Recent SMA50/SMA100 bullish crossover, Strong RSI momentum, Weekly trend aligned (above Weekly EMA20), Outperforming index",2026-07-08T21:20:14.402392
2026-05-20,CGPOWER.NS,momentum,8,853.25,797.84,936.37,"Uptrend (above rising SMA50), RSI in healthy zone, ADX greater than 25, Volume contracting (low selling pressure), Weekly trend aligned (above Weekly EMA20), Outperforming index, Inside Bar breakout, EMA 21 support pullback",2026-07-08T21:20:14.403340
2026-05-21,ENRIN.NS,macd_crossover,9,3574.5,3244.59,4069.36,"Uptrend (above rising SMA50), MACD bullish crossover, Volume spike (>1.5x avg), Near 20-day high, ADX greater than 25, Open-Low Same (conviction buy), Strong RSI momentum, Weekly trend aligned (above Weekly EMA20), Outperforming index",2026-07-08T21:20:42.535455
2026-05-21,SOLARINDS.NS,momentum,8,18392.0,17308.43,20017.35,"Uptrend (above rising SMA50), Near 20-day high, ADX greater than 25, Strong RSI momentum, Weekly trend aligned (above Weekly EMA20), Outperforming index, Inside Bar breakout, NR7 narrow-range breakout",2026-07-08T21:20:42.536570
2026-05-21,HSCL.NS,momentum,8,589.75,524.08,688.25,"Uptrend (above rising SMA50), RSI in healthy zone, ADX greater than 25, Weekly trend aligned (above Weekly EMA20), Outperforming index, Stochastic oversold pullback, Inside Bar breakout, EMA 21 support pullback",2026-07-08T21:20:42.537375
2026-05-21,ADANIPORTS.NS,momentum,8,1785.77,1689.08,1930.82,"Uptrend (above rising SMA50), Near 20-day high, ADX greater than 25, Strong RSI momentum, Volume contracting (low selling pressure), Weekly trend aligned (above Weekly EMA20), Outperforming index, NR7 narrow-range breakout",2026-07-08T21:20:42.538070
2026-05-21,DREDGECORP.NS,macd_crossover,8,1105.25,966.69,1313.09,"Uptrend (above rising SMA50), MACD bullish crossover, Volume spike (>1.5x avg), Near 20-day high, Open-Low Same (conviction buy), Strong RSI momentum, Weekly trend aligned (above Weekly EMA20), Outperforming index",2026-07-08T21:20:42.538674
2026-05-22,ADANIENT.NS,momentum,9,2716.09,2548.72,2967.13,"Uptrend (above rising SMA50), Near 20-day high, ADX greater than 25, Recent SMA50/SMA100 bullish crossover, Open-Low Same (conviction buy), Strong RSI momentum, Volume contracting (low selling pressure), Weekly trend aligned (above Weekly EMA20), Outperforming index",2026-07-08T21:21:11.010164
2026-05-22,ASIANPAINT.NS,momentum_breakout,9,2639.8,2513.99,2828.52,"Uptrend (above rising SMA50), Volume spike (>1.5x avg), Near 20-day high, ADX greater than 25, Momentum Breakout (VCP + volume spike), Strong RSI momentum, Weekly trend aligned (above Weekly EMA20), Outperforming index",2026-07-08T21:21:11.011214
2026-05-22,NESTLEIND.NS,momentum,8,1423.1,1363.37,1512.69,"Uptrend (above rising SMA50), RSI in healthy zone, ADX greater than 25, Volume contracting (low selling pressure), Weekly trend aligned (above Weekly EMA20), Stochastic oversold pullback, Bollinger Band lower support pullback, EMA 21 support pullback",2026-07-08T21:21:11.011977
2026-05-22,VBL.NS,momentum_breakout,8,539.45,510.7,582.58,"Uptrend (above rising SMA50), Volume spike (>1.5x avg), Near 20-day high, Momentum Breakout (VCP + volume spike), Strong RSI momentum, Weekly trend aligned (above Weekly EMA20), Outperforming index",2026-07-08T21:21:11.012591
2026-05-25,ADANIPOWER.NS,momentum_breakout,11,233.38,216.47,258.75,"Uptrend (above rising SMA50), Volume spike (>1.5x avg), Near 20-day high, ADX greater than 25, Momentum Breakout (VCP + volume spike), Strong RSI momentum, Weekly trend aligned (above Weekly EMA20), Outperforming index, Inside Bar breakout, NR7 narrow-range breakout",2026-07-08T21:21:38.565607
2026-05-25,ADANIENT.NS,momentum,9,2848.43,2672.81,3111.85,"Uptrend (above rising SMA50), Near 20-day high, ADX greater than 25, Open-Low Same (conviction buy), Strong RSI momentum, Volume contracting (low selling pressure), Weekly trend aligned (above Weekly EMA20), Outperforming index, Inside Bar breakout",2026-07-08T21:21:38.566429
2026-05-25,ZYDUSLIFE.NS,momentum,9,1072.95,1014.18,1161.1,"Uptrend (above rising SMA50), Near 20-day high, ADX greater than 25, Strong RSI momentum, Volume contracting (low selling pressure), Weekly trend aligned (above Weekly EMA20), Outperforming index, Inside Bar breakout, NR7 narrow-range breakout",2026-07-08T21:21:38.567143
2026-05-25,ADANIGREEN.NS,momentum,8,1411.1,1303.13,1573.05,"Uptrend (above rising SMA50), Near 20-day high, ADX greater than 25, Strong RSI momentum, Volume contracting (low selling pressure), Weekly trend aligned (above Weekly EMA20), Outperforming index, Inside Bar breakout",2026-07-08T21:21:38.567736
2026-05-25,ADANIPORTS.NS,momentum,8,1795.33,1705.32,1930.35,"Uptrend (above rising SMA50), Near 20-day high, ADX greater than 25, Strong RSI momentum, Volume contracting (low selling pressure), Weekly trend aligned (above Weekly EMA20), Outperforming index, NR7 narrow-range breakout",2026-07-08T21:21:38.568318
2026-05-25,HINDALCO.NS,macd_crossover,8,1099.6,1026.68,1208.98,"Uptrend (above rising SMA50), RSI in healthy zone, MACD bullish crossover, Volume spike (>1.5x avg), Near 20-day high, ADX greater than 25, Weekly trend aligned (above Weekly EMA20), Outperforming index",2026-07-08T21:21:38.568897
2026-05-25,TMPV.NS,momentum,8,370.18,350.46,399.76,"Uptrend (above rising SMA50), Near 20-day high, Open-Low Same (conviction buy), Strong RSI momentum, Volume contracting (low selling pressure), Outperforming index, Inside Bar breakout, NR7 narrow-range breakout",2026-07-08T21:21:38.569467
2026-05-26,ADANIENT.NS,momentum_breakout,8,2967.97,2782.85,3245.66,"Uptrend (above rising SMA50), Volume spike (>1.5x avg), Near 20-day high, ADX greater than 25, Momentum Breakout (VCP + volume spike), Weekly trend aligned (above Weekly EMA20), Outperforming index",2026-07-08T21:22:07.359178
2026-05-26,ADANIENSOL.NS,momentum_breakout,8,1463.3,1335.93,1654.36,"Uptrend (above rising SMA50), Volume spike (>1.5x avg), Near 20-day high, Momentum Breakout (VCP + volume spike), Strong RSI momentum, Weekly trend aligned (above Weekly EMA20), Outperforming index",2026-07-08T21:22:07.359961
2026-05-27,ENRIN.NS,momentum_breakout,11,3766.1,3461.4,4223.15,"Uptrend (above rising SMA50), Volume spike (>1.5x avg), Near 20-day high, ADX greater than 25, Momentum Breakout (VCP + volume spike), Open-Low Same (conviction buy), Strong RSI momentum, Weekly trend aligned (above Weekly EMA20), Outperforming index, Inside Bar breakout",2026-07-08T21:22:35.006726
2026-05-27,CGPOWER.NS,momentum_breakout,11,934.8,878.72,1018.92,"Uptrend (above rising SMA50), MACD bullish crossover, Volume spike (>1.5x avg), Near 20-day high, ADX greater than 25, Momentum Breakout (VCP + volume spike), Open-Low Same (conviction buy), Strong RSI momentum, Weekly trend aligned (above Weekly EMA20), Outperforming index",2026-07-08T21:22:35.007411
2026-05-27,SOLARINDS.NS,momentum,9,18653.0,17653.56,20152.16,"Uptrend (above rising SMA50), Near 20-day high, ADX greater than 25, Open-Low Same (conviction buy), Strong RSI momentum, Volume contracting (low selling pressure), Weekly trend aligned (above Weekly EMA20), Outperforming index, NR7 narrow-range breakout",2026-07-08T21:22:35.008020
2026-05-27,ADANIGREEN.NS,momentum_breakout,9,1489.9,1379.95,1654.83,"Uptrend (above rising SMA50), Volume spike (>1.5x avg), Near 20-day high, ADX greater than 25, Momentum Breakout (VCP + volume spike), Strong RSI momentum, Weekly trend aligned (above Weekly EMA20), Outperforming index",2026-07-08T21:22:35.008605
2026-05-27,HINDALCO.NS,momentum,9,1149.7,1089.13,1240.55,"Uptrend (above rising SMA50), Volume spike (>1.5x avg), Near 20-day high, ADX greater than 25, Open-Low Same (conviction buy), Strong RSI momentum, Weekly trend aligned (above Weekly EMA20), Outperforming index, Inside Bar breakout",2026-07-08T21:22:35.009195
2026-05-27,MOTHERSON.NS,momentum,9,142.41,132.43,157.38,"Uptrend (above rising SMA50), Volume spike (>1.5x avg), Near 20-day high, ADX greater than 25, Recent SMA50/SMA100 bullish crossover, Strong RSI momentum, Weekly trend aligned (above Weekly EMA20), Outperforming index, NR7 narrow-range breakout",2026-07-08T21:22:35.009776
2026-05-27,ASIANPAINT.NS,momentum,9,2671.9,2555.14,2847.04,"Uptrend (above rising SMA50), Near 20-day high, ADX greater than 25, Open-Low Same (conviction buy), Strong RSI momentum, Volume contracting (low selling pressure), Weekly trend aligned (above Weekly EMA20), Outperforming index, NR7 narrow-range breakout",2026-07-08T21:22:35.010376
2026-05-29,MOTHERSON.NS,momentum_breakout,12,145.74,135.46,161.16,"Uptrend (above rising SMA50), Volume spike (>1.5x avg), Near 20-day high, ADX greater than 25, Recent SMA50/SMA100 bullish crossover, Momentum Breakout (VCP + volume spike), Strong RSI momentum, Weekly trend aligned (above Weekly EMA20), Outperforming index, Inside Bar breakout, NR7 narrow-range breakout",2026-07-08T21:23:04.021776
2026-05-29,LT.NS,momentum_breakout,12,4076.5,3925.89,4302.41,"Uptrend (above rising SMA50), RSI in healthy zone, Volume spike (>1.5x avg), Near 20-day high, Momentum Breakout (VCP + volume spike), Open-Low Same (conviction buy), Volume contracting (low selling pressure), Weekly trend aligned (above Weekly EMA20), Outperforming index, Inside Bar breakout, NR7 narrow-range breakout",2026-07-08T21:23:04.022869
2026-05-29,ENRIN.NS,momentum,10,3872.1,3580.53,4309.46,"Uptrend (above rising SMA50), Volume spike (>1.5x avg), Near 20-day high, ADX greater than 25, Open-Low Same (conviction buy), Strong RSI momentum, Weekly trend aligned (above Weekly EMA20), Outperforming index, Inside Bar breakout, NR7 narrow-range breakout",2026-07-08T21:23:04.023509
2026-05-29,PIDILITIND.NS,momentum_breakout,10,1482.8,1423.14,1572.29,"Uptrend (above rising SMA50), RSI in healthy zone, Volume spike (>1.5x avg), Near 20-day high, Momentum Breakout (VCP + volume spike), Weekly trend aligned (above Weekly EMA20), Outperforming index, Inside Bar breakout, NR7 narrow-range breakout",2026-07-08T21:23:04.024109
2026-05-29,TECHM.NS,momentum_breakout,10,1483.9,1408.96,1596.31,"Uptrend (above rising SMA50), RSI in healthy zone, Volume spike (>1.5x avg), Near 20-day high, Momentum Breakout (VCP + volume spike), Weekly trend aligned (above Weekly EMA20), Outperforming index, Inside Bar breakout, NR7 narrow-range breakout",2026-07-08T21:23:04.024697
2026-05-29,ASIANPAINT.NS,momentum_breakout,9,2671.6,2554.27,2847.6,"Uptrend (above rising SMA50), Volume spike (>1.5x avg), Near 20-day high, ADX greater than 25, Momentum Breakout (VCP + volume spike), Strong RSI momentum, Weekly trend aligned (above Weekly EMA20), Outperforming index",2026-07-08T21:23:04.025274
2026-05-29,ADANIGREEN.NS,macd_crossover,8,1475.4,1344.85,1671.23,"Uptrend (above rising SMA50), MACD bullish crossover, Near 20-day high, ADX greater than 25, Strong RSI momentum, Volume contracting (low selling pressure), Weekly trend aligned (above Weekly EMA20), Outperforming index",2026-07-08T21:23:04.025853
2026-06-01,TECHM.NS,momentum_breakout,9,1543.2,1462.39,1664.41,"Uptrend (above rising SMA50), Volume spike (>1.5x avg), Near 20-day high, Momentum Breakout (VCP + volume spike), Open-Low Same (conviction buy), Strong RSI momentum, Weekly trend aligned (above Weekly EMA20), Outperforming index",2026-07-08T21:23:32.606069
2026-06-01,JSWSTEEL.NS,momentum,8,1299.4,1248.08,1376.38,"Uptrend (above rising SMA50), RSI in healthy zone, Near 20-day high, Open-Low Same (conviction buy), Volume contracting (low selling pressure), Weekly trend aligned (above Weekly EMA20), Outperforming index, EMA 21 support pullback",2026-07-08T21:23:32.606895
2026-06-02,ADANIPORTS.NS,momentum,9,1806.89,1722.92,1932.83,"Uptrend (above rising SMA50), RSI in healthy zone, Near 20-day high, ADX greater than 25, Open-Low Same (conviction buy), Volume contracting (low selling pressure), Weekly trend aligned (above Weekly EMA20), Outperforming index, EMA 21 support pullback",2026-07-08T21:24:00.596960
2026-06-02,TATACHEM.NS,pullback_sma50,8,726.92,670.67,811.3,"Uptrend (above rising SMA50), RSI in healthy zone, ADX greater than 25, Recent SMA50/SMA100 bullish crossover, Pullback to SMA50 (0d after golden cross), Pullback to SMA100 support, Volume contracting (low selling pressure)",2026-07-08T21:24:00.597785
2026-06-02,VBL.NS,momentum,8,537.0,509.44,578.34,"Uptrend (above rising SMA50), Volume spike (>1.5x avg), Near 20-day high, ADX greater than 25, Recent SMA50/SMA100 bullish crossover, Strong RSI momentum, Weekly trend aligned (above Weekly EMA20), Outperforming index",2026-07-08T21:24:00.598446
2026-06-03,DIVISLAB.NS,pullback_sma50,9,6576.5,6195.94,7147.34,"Uptrend (above rising SMA50), RSI in healthy zone, Volume spike (>1.5x avg), ADX greater than 25, Pullback to SMA50 (14d after golden cross), Weekly trend aligned (above Weekly EMA20), Stochastic oversold pullback, Bollinger Band lower support pullback",2026-07-08T21:24:27.569175
2026-06-04,ADANIENT.NS,momentum,9,2971.47,2805.61,3220.26,"Uptrend (above rising SMA50), Near 20-day high, ADX greater than 25, Open-Low Same (conviction buy), Strong RSI momentum, Volume contracting (low selling pressure), Weekly trend aligned (above Weekly EMA20), Outperforming index, Inside Bar breakout",2026-07-08T21:24:55.672719
2026-06-04,GAIL.NS,macd_crossover,9,167.55,156.72,183.8,"Uptrend (above rising SMA50), RSI in healthy zone, MACD bullish crossover, Near 20-day high, Open-Low Same (conviction buy), Volume contracting (low selling pressure), Weekly trend aligned (above Weekly EMA20), Outperforming index, Inside Bar breakout",2026-07-08T21:24:55.673582
2026-06-04,CIPLA.NS,momentum,8,1385.7,1327.45,1473.07,"Uptrend (above rising SMA50), RSI in healthy zone, ADX greater than 25, Volume contracting (low selling pressure), Weekly trend aligned (above Weekly EMA20), Outperforming index, Inside Bar breakout, EMA 21 support pullback",2026-07-08T21:24:55.674337
2026-06-04,DIVISLAB.NS,pullback_sma50,8,6596.5,6204.97,7183.8,"Uptrend (above rising SMA50), RSI in healthy zone, ADX greater than 25, Pullback to SMA50 (15d after golden cross), Weekly trend aligned (above Weekly EMA20), Stochastic oversold pullback, Bollinger Band lower support pullback",2026-07-08T21:24:55.674958
2026-06-04,TATACONSUM.NS,pullback_sma50,8,1149.3,1093.24,1233.39,"Uptrend (above rising SMA50), ADX greater than 25, Recent SMA50/SMA100 bullish crossover, Pullback to SMA50 (0d after golden cross), Open-Low Same (conviction buy), Volume contracting (low selling pressure), Weekly trend aligned (above Weekly EMA20)",2026-07-08T21:24:55.675569
2026-06-04,PIDILITIND.NS,momentum,8,1471.1,1411.63,1560.3,"Uptrend (above rising SMA50), RSI in healthy zone, Near 20-day high, Open-Low Same (conviction buy), Volume contracting (low selling pressure), Weekly trend aligned (above Weekly EMA20), Outperforming index, EMA 21 support pullback",2026-07-08T21:24:55.676186
2026-06-05,ADANIENT.NS,momentum_breakout,10,3046.84,2873.12,3307.41,"Uptrend (above rising SMA50), MACD bullish crossover, Volume spike (>1.5x avg), Near 20-day high, ADX greater than 25, Momentum Breakout (VCP + volume spike), Strong RSI momentum, Weekly trend aligned (above Weekly EMA20), Outperforming index",2026-07-08T21:25:23.130492
2026-06-05,ADANIGREEN.NS,momentum_breakout,10,1525.7,1416.32,1689.77,"Uptrend (above rising SMA50), Volume spike (>1.5x avg), Near 20-day high, ADX greater than 25, Momentum Breakout (VCP + volume spike), Open-Low Same (conviction buy), Strong RSI momentum, Weekly trend aligned (above Weekly EMA20), Outperforming index",2026-07-08T21:25:23.131169
2026-06-05,ASIANPAINT.NS,momentum,8,2686.7,2563.28,2871.83,"Uptrend (above rising SMA50), Near 20-day high, ADX greater than 25, Recent SMA50/SMA100 bullish crossover, Open-Low Same (conviction buy), Strong RSI momentum, Weekly trend aligned (above Weekly EMA20), Outperforming index",2026-07-08T21:25:23.131778
2026-06-05,ADANIENSOL.NS,momentum,8,1579.0,1455.4,1764.4,"Uptrend (above rising SMA50), Near 20-day high, ADX greater than 25, Open-Low Same (conviction buy), Strong RSI momentum, Weekly trend aligned (above Weekly EMA20), Outperforming index, Inside Bar breakout",2026-07-08T21:25:23.132360
2026-06-05,HSCL.NS,macd_crossover,8,685.05,606.68,802.6,"Uptrend (above rising SMA50), MACD bullish crossover, Volume spike (>1.5x avg), Near 20-day high, ADX greater than 25, Strong RSI momentum, Weekly trend aligned (above Weekly EMA20), Outperforming index",2026-07-08T21:25:23.132987
2026-06-05,GAIL.NS,macd_crossover,8,167.4,156.71,183.43,"Uptrend (above rising SMA50), RSI in healthy zone, MACD bullish crossover, Near 20-day high, Recent SMA50/SMA100 bullish crossover, Volume contracting (low selling pressure), Weekly trend aligned (above Weekly EMA20), Outperforming index",2026-07-08T21:25:23.133557
2026-06-05,BOSCHLTD.NS,macd_crossover,8,37240.0,34430.16,41454.76,"Uptrend (above rising SMA50), RSI in healthy zone, MACD bullish crossover, Recent SMA50/SMA100 bullish crossover, Volume contracting (low selling pressure), Weekly trend aligned (above Weekly EMA20), Outperforming index, EMA 21 support pullback",2026-07-08T21:25:23.134117
2026-06-08,GAIL.NS,macd_crossover,9,168.6,157.78,184.83,"Uptrend (above rising SMA50), RSI in healthy zone, MACD bullish crossover, Near 20-day high, Recent SMA50/SMA100 bullish crossover, Volume contracting (low selling pressure), Weekly trend aligned (above Weekly EMA20), Outperforming index, EMA 21 support pullback",2026-07-08T21:25:50.675165
2026-06-08,NESTLEIND.NS,momentum,8,1398.9,1341.22,1485.42,"Uptrend (above rising SMA50), RSI in healthy zone, ADX greater than 25, Open-Low Same (conviction buy), Volume contracting (low selling pressure), Weekly trend aligned (above Weekly EMA20), Outperforming index, Stochastic oversold pullback",2026-07-08T21:25:50.675858
2026-06-09,APOLLOHOSP.NS,momentum_breakout,9,8524.0,8188.01,9027.99,"Uptrend (above rising SMA50), MACD bullish crossover, Volume spike (>1.5x avg), Near 20-day high, Momentum Breakout (VCP + volume spike), Strong RSI momentum, Weekly trend aligned (above Weekly EMA20), Outperforming index",2026-07-08T21:26:18.395419
2026-06-09,ZYDUSLIFE.NS,momentum,8,1105.6,1051.2,1187.2,"Uptrend (above rising SMA50), Near 20-day high, ADX greater than 25, Open-Low Same (conviction buy), Strong RSI momentum, Volume contracting (low selling pressure), Weekly trend aligned (above Weekly EMA20), Outperforming index",2026-07-08T21:26:18.396183
2026-06-09,ENRIN.NS,momentum,8,3547.5,3252.73,3989.65,"Uptrend (above rising SMA50), RSI in healthy zone, ADX greater than 25, Open-Low Same (conviction buy), Volume contracting (low selling pressure), Weekly trend aligned (above Weekly EMA20), Outperforming index, EMA 21 support pullback",2026-07-08T21:26:18.396788
2026-06-09,ASIANPAINT.NS,momentum,8,2708.1,2585.63,2891.81,"Uptrend (above rising SMA50), Near 20-day high, ADX greater than 25, Recent SMA50/SMA100 bullish crossover, Open-Low Same (conviction buy), Strong RSI momentum, Weekly trend aligned (above Weekly EMA20), Outperforming index",2026-07-08T21:26:18.397393
2026-06-09,DIVISLAB.NS,pullback_sma50,8,6753.0,6229.15,7538.78,"Uptrend (above rising SMA50), RSI in healthy zone, Volume spike (>1.5x avg), Pullback to SMA50 (18d after golden cross), Open-Low Same (conviction buy), Weekly trend aligned (above Weekly EMA20), Outperforming index",2026-07-08T21:26:18.397985
2026-06-09,PIDILITIND.NS,momentum,8,1481.8,1423.63,1569.06,"Uptrend (above rising SMA50), RSI in healthy zone, Near 20-day high, Open-Low Same (conviction buy), Volume contracting (low selling pressure), Weekly trend aligned (above Weekly EMA20), Outperforming index, EMA 21 support pullback",2026-07-08T21:26:18.398563
2026-06-09,GAIL.NS,momentum,8,167.59,159.04,180.41,"Uptrend (above rising SMA50), RSI in healthy zone, Near 20-day high, Recent SMA50/SMA100 bullish crossover, Volume contracting (low selling pressure), Weekly trend aligned (above Weekly EMA20), Outperforming index, EMA 21 support pullback",2026-07-08T21:26:18.399138
2026-06-10,PIDILITIND.NS,momentum_breakout,9,1506.5,1444.77,1599.1,"Uptrend (above rising SMA50), RSI in healthy zone, Volume spike (>1.5x avg), Near 20-day high, Momentum Breakout (VCP + volume spike), Open-Low Same (conviction buy), Weekly trend aligned (above Weekly EMA20), Outperforming index",2026-07-08T21:26:45.503057
2026-06-10,AXISBANK.NS,macd_crossover,9,1314.5,1246.14,1417.04,"Uptrend (above rising SMA50), RSI in healthy zone, MACD bullish crossover, Volume spike (>1.5x avg), Near 20-day high, Open-Low Same (conviction buy), Pullback to SMA100 support, Weekly trend aligned (above Weekly EMA20), Outperforming index",2026-07-08T21:26:45.503907
2026-06-10,HSCL.NS,momentum,8,693.0,624.52,795.72,"Uptrend (above rising SMA50), Volume spike (>1.5x avg), Near 20-day high, ADX greater than 25, Strong RSI momentum, Weekly trend aligned (above Weekly EMA20), Outperforming index, Inside Bar breakout",2026-07-08T21:26:45.504580
2026-06-10,ICICIBANK.NS,momentum_breakout,8,1293.3,1243.13,1368.56,"Uptrend (above rising SMA50), RSI in healthy zone, Volume spike (>1.5x avg), Near 20-day high, Momentum Breakout (VCP + volume spike), Open-Low Same (conviction buy), Outperforming index",2026-07-08T21:26:45.505222
2026-06-11,TORNTPHARM.NS,momentum_breakout,10,4572.2,4328.26,4938.11,"Uptrend (above rising SMA50), RSI in healthy zone, MACD bullish crossover, Volume spike (>1.5x avg), Near 20-day high, Momentum Breakout (VCP + volume spike), Volume contracting (low selling pressure), Weekly trend aligned (above Weekly EMA20), Outperforming index",2026-07-08T21:27:12.056795
2026-06-11,CIPLA.NS,momentum,8,1383.3,1329.77,1463.6,"Uptrend (above rising SMA50), RSI in healthy zone, Recent SMA50/SMA100 bullish crossover, Open-Low Same (conviction buy), Volume contracting (low selling pressure), Weekly trend aligned (above Weekly EMA20), Outperforming index, EMA 21 support pullback",2026-07-08T21:27:12.057510
2026-06-11,AXISBANK.NS,macd_crossover,8,1317.3,1248.07,1421.15,"Uptrend (above rising SMA50), RSI in healthy zone, MACD bullish crossover, Near 20-day high, Open-Low Same (conviction buy), Pullback to SMA100 support, Weekly trend aligned (above Weekly EMA20), Outperforming index",2026-07-08T21:27:12.058133
2026-06-12,LT.NS,pullback_sma50,11,4049.3,3822.56,4389.41,"Uptrend (above rising SMA50), RSI in healthy zone, Volume spike (>1.5x avg), Near 20-day high, Recent SMA50/SMA100 bullish crossover, Pullback to SMA50 (4d after golden cross), Pullback to SMA100 support, Weekly trend aligned (above Weekly EMA20), Outperforming index, Stochastic oversold pullback",2026-07-08T21:27:38.729547
2026-06-12,PIDILITIND.NS,macd_crossover,10,1535.5,1456.03,1654.7,"Uptrend (above rising SMA50), MACD bullish crossover, Volume spike (>1.5x avg), Near 20-day high, Open-Low Same (conviction buy), Strong RSI momentum, Weekly trend aligned (above Weekly EMA20), Outperforming index, Inside Bar breakout, NR7 narrow-range breakout",2026-07-08T21:27:38.730403
2026-06-12,MARUTI.NS,momentum_breakout,8,13366.0,12801.6,14212.6,"Uptrend (above rising SMA50), RSI in healthy zone, MACD bullish crossover, Volume spike (>1.5x avg), Near 20-day high, Momentum Breakout (VCP + volume spike), Outperforming index",2026-07-08T21:27:38.731173
2026-06-12,INDHOTEL.NS,macd_crossover,8,679.45,637.17,742.87,"Uptrend (above rising SMA50), RSI in healthy zone, MACD bullish crossover, Near 20-day high, Open-Low Same (conviction buy), Weekly trend aligned (above Weekly EMA20), Outperforming index, NR7 narrow-range breakout",2026-07-08T21:27:38.731888
2026-06-12,INDIGO.NS,momentum_breakout,8,4709.7,4448.13,5102.06,"Uptrend (above rising SMA50), RSI in healthy zone, Volume spike (>1.5x avg), Near 20-day high, Momentum Breakout (VCP + volume spike), Weekly trend aligned (above Weekly EMA20), Outperforming index",2026-07-08T21:27:38.732505
2026-06-15,ASIANPAINT.NS,momentum_breakout,10,2739.3,2614.87,2925.95,"Uptrend (above rising SMA50), MACD bullish crossover, Volume spike (>1.5x avg), Near 20-day high, ADX greater than 25, Momentum Breakout (VCP + volume spike), Strong RSI momentum, Weekly trend aligned (above Weekly EMA20), Outperforming index",2026-07-08T21:28:06.914263
2026-06-15,HDFCAMC.NS,pullback_sma50,10,2622.9,2484.62,2830.32,"Uptrend (above rising SMA50), RSI in healthy zone, Volume spike (>1.5x avg), Pullback to SMA50 (11d after golden cross), Open-Low Same (conviction buy), Pullback to SMA100 support, Weekly trend aligned (above Weekly EMA20), Outperforming index, Stochastic oversold pullback",2026-07-08T21:28:06.914962
2026-06-15,TRENT.NS,pullback_sma50,9,2901.1,2633.59,3302.37,"Uptrend (above rising SMA50), RSI in healthy zone, Volume spike (>1.5x avg), Near 20-day high, Pullback to SMA50 (12d after golden cross), Open-Low Same (conviction buy), Outperforming index, NR7 narrow-range breakout",2026-07-08T21:28:06.915564
2026-06-15,MOTHERSON.NS,momentum,8,148.12,138.41,162.68,"Uptrend (above rising SMA50), RSI in healthy zone, Near 20-day high, ADX greater than 25, Open-Low Same (conviction buy), Volume contracting (low selling pressure), Weekly trend aligned (above Weekly EMA20), Outperforming index",2026-07-08T21:28:06.916144
2026-06-15,PIDILITIND.NS,macd_crossover,8,1571.0,1488.78,1694.33,"Uptrend (above rising SMA50), MACD bullish crossover, Volume spike (>1.5x avg), Near 20-day high, Recent SMA50/SMA100 bullish crossover, Strong RSI momentum, Weekly trend aligned (above Weekly EMA20), Outperforming index",2026-07-08T21:28:06.916738
2026-06-15,EICHERMOT.NS,momentum_breakout,8,7624.5,7260.32,8170.77,"Uptrend (above rising SMA50), Volume spike (>1.5x avg), Near 20-day high, Momentum Breakout (VCP + volume spike), Strong RSI momentum, Weekly trend aligned (above Weekly EMA20), Outperforming index",2026-07-08T21:28:06.917317
2026-06-15,GAIL.NS,momentum_breakout,8,175.41,166.64,188.57,"Uptrend (above rising SMA50), Volume spike (>1.5x avg), Near 20-day high, Momentum Breakout (VCP + volume spike), Strong RSI momentum, Weekly trend aligned (above Weekly EMA20), Outperforming index",2026-07-08T21:28:06.917891
2026-06-16,RECLTD.NS,pullback_sma50,11,356.55,337.51,385.11,"Uptrend (above rising SMA50), RSI in healthy zone, Near 20-day high, Recent SMA50/SMA100 bullish crossover, Pullback to SMA50 (4d after golden cross), Open-Low Same (conviction buy), Volume contracting (low selling pressure), Weekly trend aligned (above Weekly EMA20), Outperforming index, NR7 narrow-range breakout",2026-07-08T21:28:40.209510
2026-06-16,HDFCAMC.NS,pullback_sma50,9,2658.6,2494.69,2904.47,"Uptrend (above rising SMA50), RSI in healthy zone, MACD bullish crossover, Pullback to SMA50 (12d after golden cross), Open-Low Same (conviction buy), Weekly trend aligned (above Weekly EMA20), Outperforming index, Stochastic oversold pullback",2026-07-08T21:28:40.210399
2026-06-16,DMART.NS,macd_crossover,8,4201.3,3933.29,4603.31,"RSI in healthy zone, MACD bullish crossover, Near 20-day high, ADX greater than 25, Open-Low Same (conviction buy), Pullback to SMA100 support, Volume contracting (low selling pressure), Weekly trend aligned (above Weekly EMA20)",2026-07-08T21:28:40.211022
2026-06-17,MAZDOCK.NS,momentum_breakout,13,2552.4,2417.93,2754.1,"Uptrend (above rising SMA50), RSI in healthy zone, MACD bullish crossover, Volume spike (>1.5x avg), Near 20-day high, Momentum Breakout (VCP + volume spike), Open-Low Same (conviction buy), Pullback to SMA100 support, Weekly trend aligned (above Weekly EMA20), Outperforming index, Inside Bar breakout, NR7 narrow-range breakout",2026-07-08T21:29:15.911955
2026-06-17,HAL.NS,pullback_sma50,10,4460.5,4187.71,4869.68,"Uptrend (above rising SMA50), RSI in healthy zone, MACD bullish crossover, Near 20-day high, Pullback to SMA50 (13d after golden cross), Open-Low Same (conviction buy), Weekly trend aligned (above Weekly EMA20), Outperforming index, Inside Bar breakout",2026-07-08T21:29:15.912657
2026-06-17,CANBK.NS,momentum_breakout,10,135.24,127.64,146.64,"Uptrend (above rising SMA50), RSI in healthy zone, Volume spike (>1.5x avg), Near 20-day high, Momentum Breakout (VCP + volume spike), Volume contracting (low selling pressure), Weekly trend aligned (above Weekly EMA20), Outperforming index, NR7 narrow-range breakout",2026-07-08T21:29:15.913271
2026-06-17,TRENT.NS,macd_crossover,9,3102.8,2868.67,3454.0,"Uptrend (above rising SMA50), MACD bullish crossover, Volume spike (>1.5x avg), Near 20-day high, Open-Low Same (conviction buy), Strong RSI momentum, Outperforming index, Inside Bar breakout, NR7 narrow-range breakout",2026-07-08T21:29:15.913865
2026-06-17,INDHOTEL.NS,momentum,9,699.1,667.2,746.95,"Uptrend (above rising SMA50), Near 20-day high, Recent SMA50/SMA100 bullish crossover, Strong RSI momentum, Volume contracting (low selling pressure), Weekly trend aligned (above Weekly EMA20), Outperforming index, Inside Bar breakout, NR7 narrow-range breakout",2026-07-08T21:29:15.914441
2026-06-17,ENRIN.NS,momentum,8,3785.2,3480.12,4242.82,"Uptrend (above rising SMA50), RSI in healthy zone, ADX greater than 25, Open-Low Same (conviction buy), Volume contracting (low selling pressure), Weekly trend aligned (above Weekly EMA20), Outperforming index, Inside Bar breakout",2026-07-08T21:29:15.915007
2026-06-17,DMART.NS,momentum_breakout,8,4287.5,4073.31,4608.78,"RSI in healthy zone, MACD bullish crossover, Volume spike (>1.5x avg), Near 20-day high, ADX greater than 25, Momentum Breakout (VCP + volume spike), Weekly trend aligned (above Weekly EMA20)",2026-07-08T21:29:15.915566
2026-06-18,MAXHEALTH.NS,momentum_breakout,10,1090.45,1035.02,1173.59,"Uptrend (above rising SMA50), Volume spike (>1.5x avg), Near 20-day high, Momentum Breakout (VCP + volume spike), Strong RSI momentum, Pullback to SMA100 support, Weekly trend aligned (above Weekly EMA20), Outperforming index, Inside Bar breakout",2026-07-08T21:29:42.069036
2026-06-18,ADANIENT.NS,momentum,8,3013.4,2852.76,3254.36,"Uptrend (above rising SMA50), ADX greater than 25, Strong RSI momentum, Volume contracting (low selling pressure), Weekly trend aligned (above Weekly EMA20), Outperforming index, Inside Bar breakout, NR7 narrow-range breakout",2026-07-08T21:29:42.070029
2026-06-18,ASIANPAINT.NS,macd_crossover,8,2755.0,2612.32,2969.02,"Uptrend (above rising SMA50), MACD bullish crossover, Near 20-day high, ADX greater than 25, Strong RSI momentum, Volume contracting (low selling pressure), Weekly trend aligned (above Weekly EMA20), Outperforming index",2026-07-08T21:29:42.070650
2026-06-18,PIDILITIND.NS,momentum,8,1581.1,1519.36,1673.71,"Uptrend (above rising SMA50), Near 20-day high, ADX greater than 25, Recent SMA50/SMA100 bullish crossover, Strong RSI momentum, Volume contracting (low selling pressure), Weekly trend aligned (above Weekly EMA20), Outperforming index",2026-07-08T21:29:42.071243
2026-06-18,AXISBANK.NS,momentum,8,1360.1,1307.1,1439.6,"Uptrend (above rising SMA50), Near 20-day high, Recent SMA50/SMA100 bullish crossover, Open-Low Same (conviction buy), Strong RSI momentum, Volume contracting (low selling pressure), Weekly trend aligned (above Weekly EMA20), Outperforming index",2026-07-08T21:29:42.071821
2026-06-18,INDIGO.NS,momentum,8,5011.8,4749.27,5405.59,"Uptrend (above rising SMA50), Near 20-day high, Strong RSI momentum, Volume contracting (low selling pressure), Weekly trend aligned (above Weekly EMA20), Outperforming index, Inside Bar breakout, NR7 narrow-range breakout",2026-07-08T21:29:42.072388
2026-06-19,ADANIENT.NS,momentum_breakout,9,3038.4,2883.12,3271.32,"Uptrend (above rising SMA50), Volume spike (>1.5x avg), Near 20-day high, ADX greater than 25, Momentum Breakout (VCP + volume spike), Strong RSI momentum, Weekly trend aligned (above Weekly EMA20), Outperforming index",2026-07-08T21:30:09.450137
2026-06-19,ENRIN.NS,macd_crossover,9,3833.9,3473.69,4374.21,"Uptrend (above rising SMA50), RSI in healthy zone, MACD bullish crossover, Near 20-day high, ADX greater than 25, Volume contracting (low selling pressure), Weekly trend aligned (above Weekly EMA20), Outperforming index, NR7 narrow-range breakout",2026-07-08T21:30:09.450849
2026-06-19,BHARTIARTL.NS,momentum_breakout,9,1910.8,1837.86,2020.21,"Uptrend (above rising SMA50), RSI in healthy zone, Volume spike (>1.5x avg), Near 20-day high, Momentum Breakout (VCP + volume spike), Weekly trend aligned (above Weekly EMA20), Outperforming index, NR7 narrow-range breakout",2026-07-08T21:30:09.451456
2026-06-19,INDHOTEL.NS,momentum_breakout,9,724.75,692.29,773.44,"Uptrend (above rising SMA50), Volume spike (>1.5x avg), Near 20-day high, Recent SMA50/SMA100 bullish crossover, Momentum Breakout (VCP + volume spike), Strong RSI momentum, Weekly trend aligned (above Weekly EMA20), Outperforming index",2026-07-08T21:30:09.452045
2026-06-19,PIDILITIND.NS,momentum,8,1579.9,1518.28,1672.33,"Uptrend (above rising SMA50), Near 20-day high, ADX greater than 25, Recent SMA50/SMA100 bullish crossover, Strong RSI momentum, Volume contracting (low selling pressure), Weekly trend aligned (above Weekly EMA20), Outperforming index",2026-07-08T21:30:09.452626
2026-06-19,APOLLOHOSP.NS,momentum,8,8489.5,8201.4,8921.65,"Uptrend (above rising SMA50), RSI in healthy zone, Near 20-day high, Open-Low Same (conviction buy), Volume contracting (low selling pressure), Weekly trend aligned (above Weekly EMA20), Outperforming index, NR7 narrow-range breakout",2026-07-08T21:30:09.453206
2026-06-19,SUNPHARMA.NS,macd_crossover,8,1838.3,1764.36,1949.21,"Uptrend (above rising SMA50), RSI in healthy zone, MACD bullish crossover, Near 20-day high, Open-Low Same (conviction buy), Volume contracting (low selling pressure), Weekly trend aligned (above Weekly EMA20), Outperforming index",2026-07-08T21:30:09.453785
2026-06-22,RECLTD.NS,pullback_sma50,9,369.85,338.56,416.79,"Uptrend (above rising SMA50), Volume spike (>1.5x avg), Near 20-day high, Pullback to SMA50 (8d after golden cross), Open-Low Same (conviction buy), Strong RSI momentum, Weekly trend aligned (above Weekly EMA20), Outperforming index",2026-07-08T21:30:36.977420
2026-06-22,ENRIN.NS,macd_crossover,8,3863.5,3508.52,4395.97,"Uptrend (above rising SMA50), RSI in healthy zone, MACD bullish crossover, Near 20-day high, ADX greater than 25, Volume contracting (low selling pressure), Weekly trend aligned (above Weekly EMA20), Outperforming index",2026-07-08T21:30:36.978093
2026-06-22,HAL.NS,pullback_sma50,8,4515.2,4218.2,4960.7,"Uptrend (above rising SMA50), RSI in healthy zone, Near 20-day high, Pullback to SMA50 (16d after golden cross), Weekly trend aligned (above Weekly EMA20), Outperforming index, NR7 narrow-range breakout",2026-07-08T21:30:36.978629
2026-06-22,CIPLA.NS,momentum,8,1415.7,1359.24,1500.39,"Uptrend (above rising SMA50), RSI in healthy zone, Volume spike (>1.5x avg), Near 20-day high, Open-Low Same (conviction buy), Weekly trend aligned (above Weekly EMA20), Outperforming index, Bollinger Band lower support pullback",2026-07-08T21:30:36.979144
2026-06-23,ZYDUSLIFE.NS,momentum_breakout,9,1112.2,1061.21,1188.68,"Uptrend (above rising SMA50), Volume spike (>1.5x avg), Near 20-day high, ADX greater than 25, Momentum Breakout (VCP + volume spike), Strong RSI momentum, Weekly trend aligned (above Weekly EMA20), Outperforming index",2026-07-08T21:31:05.037589
2026-06-23,DRREDDY.NS,macd_crossover,8,1301.3,1237.61,1396.84,"Uptrend (above rising SMA50), RSI in healthy zone, MACD bullish crossover, Volume spike (>1.5x avg), Open-Low Same (conviction buy), Pullback to SMA100 support, Weekly trend aligned (above Weekly EMA20), Outperforming index",2026-07-08T21:31:05.038450
2026-06-24,UNITDSPR.NS,momentum_breakout,10,1359.1,1299.78,1448.08,"Uptrend (above rising SMA50), RSI in healthy zone, Volume spike (>1.5x avg), Near 20-day high, Momentum Breakout (VCP + volume spike), Pullback to SMA100 support, Weekly trend aligned (above Weekly EMA20), Outperforming index, NR7 narrow-range breakout",2026-07-08T21:31:32.508968
2026-06-24,ICICIBANK.NS,momentum,8,1373.6,1322.13,1450.8,"Uptrend (above rising SMA50), Near 20-day high, ADX greater than 25, Open-Low Same (conviction buy), Strong RSI momentum, Volume contracting (low selling pressure), Weekly trend aligned (above Weekly EMA20), Outperforming index",2026-07-08T21:31:32.509725
2026-06-24,INDIGO.NS,momentum_breakout,8,5207.2,4942.29,5604.57,"Uptrend (above rising SMA50), Volume spike (>1.5x avg), Near 20-day high, Momentum Breakout (VCP + volume spike), Strong RSI momentum, Weekly trend aligned (above Weekly EMA20), Outperforming index",2026-07-08T21:31:32.510380
2026-06-24,SHREECEM.NS,momentum_breakout,8,26070.0,24892.99,27835.51,"Uptrend (above rising SMA50), Volume spike (>1.5x avg), Near 20-day high, Momentum Breakout (VCP + volume spike), Strong RSI momentum, Weekly trend aligned (above Weekly EMA20), Outperforming index",2026-07-08T21:31:32.511024
2026-06-25,MAXHEALTH.NS,momentum_breakout,11,1123.35,1064.39,1211.79,"Uptrend (above rising SMA50), Volume spike (>1.5x avg), Near 20-day high, Recent SMA50/SMA100 bullish crossover, Momentum Breakout (VCP + volume spike), Open-Low Same (conviction buy), Strong RSI momentum, Weekly trend aligned (above Weekly EMA20), Outperforming index, Inside Bar breakout",2026-07-08T21:31:58.856235
2026-06-25,MOTHERSON.NS,momentum_breakout,10,151.71,142.19,165.99,"Uptrend (above rising SMA50), Volume spike (>1.5x avg), Near 20-day high, ADX greater than 25, Momentum Breakout (VCP + volume spike), Strong RSI momentum, Weekly trend aligned (above Weekly EMA20), Outperforming index, Inside Bar breakout",2026-07-08T21:31:58.856975
2026-06-25,LT.NS,momentum_breakout,9,4216.4,4061.62,4448.57,"Uptrend (above rising SMA50), Volume spike (>1.5x avg), Near 20-day high, Momentum Breakout (VCP + volume spike), Strong RSI momentum, Weekly trend aligned (above Weekly EMA20), Outperforming index, Inside Bar breakout",2026-07-08T21:31:58.857571
2026-06-25,INDIGO.NS,momentum,8,5450.0,5167.2,5874.2,"Uptrend (above rising SMA50), Volume spike (>1.5x avg), Near 20-day high, ADX greater than 25, Open-Low Same (conviction buy), Strong RSI momentum, Weekly trend aligned (above Weekly EMA20), Outperforming index",2026-07-08T21:31:58.858160
2026-06-25,HDFCAMC.NS,pullback_sma50,8,2649.7,2530.89,2827.91,"Uptrend (above rising SMA50), RSI in healthy zone, Pullback to SMA50 (19d after golden cross), Open-Low Same (conviction buy), Volume contracting (low selling pressure), Weekly trend aligned (above Weekly EMA20), Outperforming index",2026-07-08T21:31:58.858735
2026-06-29,ZYDUSLIFE.NS,momentum_breakout,12,1121.3,1074.09,1192.12,"Uptrend (above rising SMA50), Volume spike (>1.5x avg), Near 20-day high, ADX greater than 25, Momentum Breakout (VCP + volume spike), Strong RSI momentum, Volume contracting (low selling pressure), Weekly trend aligned (above Weekly EMA20), Outperforming index, Inside Bar breakout, NR7 narrow-range breakout",2026-07-08T21:32:25.589254
2026-06-29,PIDILITIND.NS,momentum_breakout,12,1599.6,1542.17,1685.74,"Uptrend (above rising SMA50), Volume spike (>1.5x avg), Near 20-day high, ADX greater than 25, Momentum Breakout (VCP + volume spike), Open-Low Same (conviction buy), Strong RSI momentum, Weekly trend aligned (above Weekly EMA20), Outperforming index, Inside Bar breakout, NR7 narrow-range breakout",2026-07-08T21:32:25.589961
2026-06-29,TRENT.NS,momentum,11,3258.3,3079.47,3526.55,"Uptrend (above rising SMA50), Volume spike (>1.5x avg), Near 20-day high, ADX greater than 25, Open-Low Same (conviction buy), Strong RSI momentum, Volume contracting (low selling pressure), Weekly trend aligned (above Weekly EMA20), Outperforming index, Inside Bar breakout, NR7 narrow-range breakout",2026-07-08T21:32:25.590607
2026-06-29,ASIANPAINT.NS,pullback_sma50,11,2656.9,2536.11,2838.08,"Uptrend (above rising SMA50), RSI in healthy zone, Volume spike (>1.5x avg), ADX greater than 25, Pullback to SMA50 (17d after golden cross), Open-Low Same (conviction buy), Weekly trend aligned (above Weekly EMA20), Stochastic oversold pullback, Inside Bar breakout, NR7 narrow-range breakout",2026-07-08T21:32:25.591233
2026-06-29,CIPLA.NS,momentum_breakout,11,1454.1,1397.46,1539.06,"Uptrend (above rising SMA50), Volume spike (>1.5x avg), Near 20-day high, Momentum Breakout (VCP + volume spike), Open-Low Same (conviction buy), Strong RSI momentum, Weekly trend aligned (above Weekly EMA20), Outperforming index, Inside Bar breakout, NR7 narrow-range breakout",2026-07-08T21:32:25.591858
2026-06-29,TORNTPHARM.NS,momentum_breakout,11,4657.6,4443.55,4978.68,"Uptrend (above rising SMA50), MACD bullish crossover, Volume spike (>1.5x avg), Near 20-day high, Momentum Breakout (VCP + volume spike), Strong RSI momentum, Weekly trend aligned (above Weekly EMA20), Outperforming index, Inside Bar breakout, NR7 narrow-range breakout",2026-07-08T21:32:25.592469
2026-06-29,BAJFINANCE.NS,momentum,10,976.05,933.22,1040.29,"Uptrend (above rising SMA50), RSI in healthy zone, Volume spike (>1.5x avg), Near 20-day high, ADX greater than 25, Open-Low Same (conviction buy), Weekly trend aligned (above Weekly EMA20), Outperforming index, Inside Bar breakout, NR7 narrow-range breakout",2026-07-08T21:32:25.593079
2026-06-30,TITAN.NS,momentum_breakout,9,4404.0,4217.8,4683.3,"RSI in healthy zone, Volume spike (>1.5x avg), Near 20-day high, Momentum Breakout (VCP + volume spike), Open-Low Same (conviction buy), Pullback to SMA100 support, Volume contracting (low selling pressure), Weekly trend aligned (above Weekly EMA20)",2026-07-08T21:32:55.134205
2026-07-01,ADANIENT.NS,momentum_breakout,9,3143.6,2977.2,3393.2,"Uptrend (above rising SMA50), Volume spike (>1.5x avg), Near 20-day high, ADX greater than 25, Momentum Breakout (VCP + volume spike), Strong RSI momentum, Weekly trend aligned (above Weekly EMA20), Outperforming index",2026-07-08T21:33:22.445958
2026-07-01,ASIANPAINT.NS,pullback_sma50,9,2716.4,2536.92,2985.62,"Uptrend (above rising SMA50), RSI in healthy zone, ADX greater than 25, Pullback to SMA50 (19d after golden cross), Weekly trend aligned (above Weekly EMA20), Stochastic oversold pullback, Inside Bar breakout, EMA 21 support pullback",2026-07-08T21:33:22.446656
2026-07-01,ETERNAL.NS,momentum_breakout,9,279.7,264.32,302.77,"Uptrend (above rising SMA50), Volume spike (>1.5x avg), Near 20-day high, Recent SMA50/SMA100 bullish crossover, Momentum Breakout (VCP + volume spike), Strong RSI momentum, Weekly trend aligned (above Weekly EMA20), Outperforming index",2026-07-08T21:33:22.447262
2026-07-01,ADANIGREEN.NS,momentum,8,1535.0,1443.4,1672.4,"Uptrend (above rising SMA50), RSI in healthy zone, Near 20-day high, ADX greater than 25, Weekly trend aligned (above Weekly EMA20), Outperforming index, Inside Bar breakout, EMA 21 support pullback",2026-07-08T21:33:22.447863
2026-07-01,BOSCHLTD.NS,momentum,8,40785.0,38811.88,43744.68,"Uptrend (above rising SMA50), Near 20-day high, ADX greater than 25, Open-Low Same (conviction buy), Strong RSI momentum, Weekly trend aligned (above Weekly EMA20), Outperforming index, Inside Bar breakout",2026-07-08T21:33:22.448443
2026-07-01,BAJFINANCE.NS,momentum,8,1014.9,969.56,1082.91,"Uptrend (above rising SMA50), Near 20-day high, ADX greater than 25, Recent SMA50/SMA100 bullish crossover, Open-Low Same (conviction buy), Strong RSI momentum, Weekly trend aligned (above Weekly EMA20), Outperforming index",2026-07-08T21:33:22.449017
2026-07-01,BAJAJHLDNG.NS,pullback_sma50,8,10719.0,9996.64,11802.54,"Uptrend (above rising SMA50), RSI in healthy zone, Volume spike (>1.5x avg), Near 20-day high, Pullback to SMA50 (6d after golden cross), Weekly trend aligned (above Weekly EMA20), Outperforming index",2026-07-08T21:33:22.449583
2026-07-02,PIDILITIND.NS,momentum,8,1605.4,1548.96,1690.06,"Uptrend (above rising SMA50), Near 20-day high, ADX greater than 25, Open-Low Same (conviction buy), Strong RSI momentum, Volume contracting (low selling pressure), Weekly trend aligned (above Weekly EMA20), Outperforming index",2026-07-08T21:33:52.362985
2026-07-02,CHOLAFIN.NS,momentum,8,1788.5,1702.82,1917.02,"Uptrend (above rising SMA50), Near 20-day high, ADX greater than 25, Recent SMA50/SMA100 bullish crossover, Strong RSI momentum, Volume contracting (low selling pressure), Weekly trend aligned (above Weekly EMA20), Outperforming index",2026-07-08T21:33:52.363722
2026-07-02,INDIGO.NS,momentum,8,5444.0,5198.81,5811.78,"Uptrend (above rising SMA50), Near 20-day high, ADX greater than 25, Recent SMA50/SMA100 bullish crossover, Strong RSI momentum, Volume contracting (low selling pressure), Weekly trend aligned (above Weekly EMA20), Outperforming index",2026-07-08T21:33:52.364319
2026-07-02,BAJFINANCE.NS,momentum,8,1018.4,971.68,1088.48,"Uptrend (above rising SMA50), Near 20-day high, ADX greater than 25, Recent SMA50/SMA100 bullish crossover, Open-Low Same (conviction buy), Strong RSI momentum, Weekly trend aligned (above Weekly EMA20), Outperforming index",2026-07-08T21:33:52.364903
2026-07-02,LODHA.NS,momentum,8,1006.2,947.43,1094.36,"Uptrend (above rising SMA50), Volume spike (>1.5x avg), Near 20-day high, ADX greater than 25, Recent SMA50/SMA100 bullish crossover, Strong RSI momentum, Weekly trend aligned (above Weekly EMA20), Outperforming index",2026-07-08T21:33:52.365472
2026-07-03,ZYDUSLIFE.NS,momentum_breakout,10,1140.6,1092.1,1213.35,"Uptrend (above rising SMA50), Volume spike (>1.5x avg), Near 20-day high, ADX greater than 25, Momentum Breakout (VCP + volume spike), Open-Low Same (conviction buy), Strong RSI momentum, Weekly trend aligned (above Weekly EMA20), Outperforming index",2026-07-08T21:34:19.963257
2026-07-03,LODHA.NS,momentum,9,1057.0,994.46,1150.81,"Uptrend (above rising SMA50), Volume spike (>1.5x avg), Near 20-day high, ADX greater than 25, Recent SMA50/SMA100 bullish crossover, Open-Low Same (conviction buy), Strong RSI momentum, Weekly trend aligned (above Weekly EMA20), Outperforming index",2026-07-08T21:34:19.963963
2026-07-03,BOSCHLTD.NS,momentum,8,41895.0,39871.29,44930.57,"Uptrend (above rising SMA50), Near 20-day high, ADX greater than 25, Open-Low Same (conviction buy), Strong RSI momentum, Volume contracting (low selling pressure), Weekly trend aligned (above Weekly EMA20), Outperforming index",2026-07-08T21:34:19.964578
2026-07-03,CHOLAFIN.NS,momentum,8,1789.8,1705.22,1916.67,"Uptrend (above rising SMA50), Near 20-day high, ADX greater than 25, Recent SMA50/SMA100 bullish crossover, Strong RSI momentum, Volume contracting (low selling pressure), Weekly trend aligned (above Weekly EMA20), Outperforming index",2026-07-08T21:34:19.965183
2026-07-03,BAJFINANCE.NS,momentum,8,1031.4,984.82,1101.27,"Uptrend (above rising SMA50), Near 20-day high, ADX greater than 25, Recent SMA50/SMA100 bullish crossover, Strong RSI momentum, Volume contracting (low selling pressure), Weekly trend aligned (above Weekly EMA20), Outperforming index",2026-07-08T21:34:19.965787
2026-07-03,CIPLA.NS,momentum,8,1458.2,1404.44,1538.84,"Uptrend (above rising SMA50), Near 20-day high, ADX greater than 25, Open-Low Same (conviction buy), Strong RSI momentum, Volume contracting (low selling pressure), Weekly trend aligned (above Weekly EMA20), Outperforming index",2026-07-08T21:34:19.966382
2026-07-03,SUNPHARMA.NS,momentum,8,1899.82,1840.89,1988.22,"Uptrend (above rising SMA50), Near 20-day high, ADX greater than 25, Strong RSI momentum, Volume contracting (low selling pressure), Weekly trend aligned (above Weekly EMA20), Outperforming index, Inside Bar breakout",2026-07-08T21:34:19.966973
2026-07-06,CHOLAFIN.NS,momentum_breakout,12,1850.5,1762.25,1982.88,"Uptrend (above rising SMA50), Volume spike (>1.5x avg), Near 20-day high, ADX greater than 25, Recent SMA50/SMA100 bullish crossover, Momentum Breakout (VCP + volume spike), Open-Low Same (conviction buy), Strong RSI momentum, Volume contracting (low selling pressure), Weekly trend aligned (above Weekly EMA20), Outperforming index",2026-07-08T21:34:48.892074
2026-07-06,ZYDUSLIFE.NS,momentum_breakout,10,1147.9,1099.97,1219.8,"Uptrend (above rising SMA50), MACD bullish crossover, Volume spike (>1.5x avg), Near 20-day high, ADX greater than 25, Momentum Breakout (VCP + volume spike), Strong RSI momentum, Weekly trend aligned (above Weekly EMA20), Outperforming index",2026-07-08T21:34:48.892751
2026-07-06,HDFCBANK.NS,momentum_breakout,10,829.85,800.23,874.28,"Uptrend (above rising SMA50), Volume spike (>1.5x avg), Near 20-day high, ADX greater than 25, Momentum Breakout (VCP + volume spike), Open-Low Same (conviction buy), Strong RSI momentum, Weekly trend aligned (above Weekly EMA20), Outperforming index",2026-07-08T21:34:48.893375
2026-07-06,BAJFINANCE.NS,momentum,8,1029.1,983.65,1097.27,"Uptrend (above rising SMA50), Near 20-day high, ADX greater than 25, Recent SMA50/SMA100 bullish crossover, Strong RSI momentum, Volume contracting (low selling pressure), Weekly trend aligned (above Weekly EMA20), Outperforming index",2026-07-08T21:34:48.893979
2026-07-06,ICICIBANK.NS,momentum,8,1426.9,1379.19,1498.47,"Uptrend (above rising SMA50), Near 20-day high, ADX greater than 25, Open-Low Same (conviction buy), Strong RSI momentum, Volume contracting (low selling pressure), Weekly trend aligned (above Weekly EMA20), Outperforming index",2026-07-08T21:34:48.894578
2026-07-06,ASIANPAINT.NS,macd_crossover,8,2754.9,2626.73,2947.15,"Uptrend (above rising SMA50), RSI in healthy zone, MACD bullish crossover, Near 20-day high, ADX greater than 25, Open-Low Same (conviction buy), Volume contracting (low selling pressure), Weekly trend aligned (above Weekly EMA20)",2026-07-08T21:34:48.895170
2026-07-06,LODHA.NS,momentum,8,1095.9,1030.74,1193.64,"Uptrend (above rising SMA50), Volume spike (>1.5x avg), Near 20-day high, ADX greater than 25, Recent SMA50/SMA100 bullish crossover, Strong RSI momentum, Weekly trend aligned (above Weekly EMA20), Outperforming index",2026-07-08T21:34:48.895749
2026-07-07,ETERNAL.NS,momentum,9,289.4,274.46,311.81,"Uptrend (above rising SMA50), Volume spike (>1.5x avg), Near 20-day high, ADX greater than 25, Open-Low Same (conviction buy), Strong RSI momentum, Weekly trend aligned (above Weekly EMA20), Outperforming index, Inside Bar breakout",2026-07-08T21:35:15.784853
2026-07-07,BAJFINANCE.NS,momentum,8,1042.5,996.16,1112.01,"Uptrend (above rising SMA50), Near 20-day high, ADX greater than 25, Open-Low Same (conviction buy), Strong RSI momentum, Volume contracting (low selling pressure), Weekly trend aligned (above Weekly EMA20), Outperforming index",2026-07-08T21:35:15.785448
2026-07-07,SHREECEM.NS,momentum,8,26710.0,25575.67,28411.5,"Uptrend (above rising SMA50), Near 20-day high, ADX greater than 25, Recent SMA50/SMA100 bullish crossover, Strong RSI momentum, Volume contracting (low selling pressure), Weekly trend aligned (above Weekly EMA20), Outperforming index",2026-07-08T21:35:15.785972
2026-07-07,TITAN.NS,momentum_breakout,8,4604.2,4413.62,4890.07,"Uptrend (above rising SMA50), Volume spike (>1.5x avg), Near 20-day high, Momentum Breakout (VCP + volume spike), Strong RSI momentum, Weekly trend aligned (above Weekly EMA20), Outperforming index",2026-07-08T21:35:15.786484
2026-07-07,SBILIFE.NS,momentum_breakout,8,1832.3,1761.11,1939.09,"RSI in healthy zone, Volume spike (>1.5x avg), Near 20-day high, Momentum Breakout (VCP + volume spike), Open-Low Same (conviction buy), Outperforming index, Inside Bar breakout",2026-07-08T21:35:15.786975
2026-07-08,TORNTPHARM.NS,momentum_breakout,9,4866.4,4663.94,5170.09,"Uptrend (above rising SMA50), Volume spike (>1.5x avg), Near 20-day high, ADX greater than 25, Momentum Breakout (VCP + volume spike), Strong RSI momentum, Weekly trend aligned (above Weekly EMA20), Outperforming index",2026-07-08T21:35:43.439360
2026-07-08,ZYDUSLIFE.NS,macd_crossover,8,1148.0,1085.28,1242.08,"Uptrend (above rising SMA50), MACD bullish crossover, Volume spike (>1.5x avg), Near 20-day high, ADX greater than 25, Strong RSI momentum, Weekly trend aligned (above Weekly EMA20), Outperforming index",2026-07-08T21:35:43.440240
2026-07-08,LODHA.NS,momentum,8,1115.1,1046.15,1218.52,"Uptrend (above rising SMA50), Volume spike (>1.5x avg), Near 20-day high, ADX greater than 25, Strong RSI momentum, Weekly trend aligned (above Weekly EMA20), Outperforming index, NR7 narrow-range breakout",2026-07-08T21:35:43.440971
2026-07-08,ADANIENSOL.NS,macd_crossover,8,1655.5,1516.55,1863.93,"Uptrend (above rising SMA50), MACD bullish crossover, Volume spike (>1.5x avg), Near 20-day high, ADX greater than 25, Strong RSI momentum, Weekly trend aligned (above Weekly EMA20), Outperforming index",2026-07-08T21:35:43.441653
2026-07-10,AXISBANK.NS,pullback_sma50,9,1323.7,1265.56,1410.91,"Uptrend (above rising SMA50), RSI in healthy zone, Recent SMA50/SMA100 bullish crossover, Pullback to SMA50 (2d after golden cross), Open-Low Same (conviction buy), Volume contracting (low selling pressure), Weekly trend aligned (above Weekly EMA20), Bollinger Band lower support pullback",2026-07-10T12:40:14.836651
2026-07-10,HDFCBANK.NS,momentum,8,824.95,794.51,870.61,"Uptrend (above rising SMA50), Near 20-day high, ADX greater than 25, Strong RSI momentum, Volume contracting (low selling pressure), Weekly trend aligned (above Weekly EMA20), Outperforming index, Inside Bar breakout",2026-07-10T12:40:14.837625
2026-07-10,INDIGO.NS,momentum,8,5312.0,5056.23,5695.66,"Uptrend (above rising SMA50), RSI in healthy zone, ADX greater than 25, Open-Low Same (conviction buy), Volume contracting (low selling pressure), Weekly trend aligned (above Weekly EMA20), Outperforming index, Inside Bar breakout",2026-07-10T12:40:14.838566
2026-07-10,SHREECEM.NS,momentum,8,26615.0,25464.63,28340.56,"Uptrend (above rising SMA50), RSI in healthy zone, Near 20-day high, ADX greater than 25, Volume contracting (low selling pressure), Weekly trend aligned (above Weekly EMA20), Outperforming index, Inside Bar breakout",2026-07-10T12:40:14.839513
2026-07-10,BAJAJHLDNG.NS,momentum,8,10654.0,10107.9,11473.15,"Uptrend (above rising SMA50), RSI in healthy zone, Volume contracting (low selling pressure), Weekly trend aligned (above Weekly EMA20), Outperforming index, Inside Bar breakout, EMA 21 support pullback, Hammer candlestick at key support",2026-07-10T12:40:14.840464
2026-07-10,INDHOTEL.NS,macd_crossover,8,752.3,713.32,810.77,"Uptrend (above rising SMA50), MACD bullish crossover, Near 20-day high, Strong RSI momentum, Volume contracting (low selling pressure), Weekly trend aligned (above Weekly EMA20), Outperforming index, Inside Bar breakout",2026-07-10T12:40:14.841431
2026-07-10,HAL.NS,macd_crossover,8,4506.8,4265.05,4869.42,"Uptrend (above rising SMA50), RSI in healthy zone, MACD bullish crossover, Near 20-day high, Open-Low Same (conviction buy), Weekly trend aligned (above Weekly EMA20), Outperforming index, Inside Bar breakout",2026-07-10T12:40:14.842355
2026-07-13,BAJAJHLDNG.NS,pullback_sma50,9,10752.0,9898.19,12032.72,"Uptrend (above rising SMA50), RSI in healthy zone, Volume spike (>1.5x avg), Pullback to SMA50 (14d after golden cross), Open-Low Same (conviction buy), Weekly trend aligned (above Weekly EMA20), Outperforming index, Bollinger Band lower support pullback",2026-07-13T12:44:28.214549
2026-07-13,DIVISLAB.NS,momentum,8,6938.5,6653.92,7365.37,"Uptrend (above rising SMA50), RSI in healthy zone, Near 20-day high, Volume contracting (low selling pressure), Weekly trend aligned (above Weekly EMA20), Outperforming index, Inside Bar breakout, NR7 narrow-range breakout",2026-07-13T12:44:28.215617
2026-07-13,BAJAJ-AUTO.NS,momentum_breakout,8,10381.0,9936.47,11047.8,"Uptrend (above rising SMA50), RSI in healthy zone, Volume spike (>1.5x avg), Near 20-day high, Momentum Breakout (VCP + volume spike), Weekly trend aligned (above Weekly EMA20), Outperforming index",2026-07-13T12:44:28.216561
2026-07-13,TVSMOTOR.NS,momentum,8,3676.9,3496.87,3946.94,"Uptrend (above rising SMA50), RSI in healthy zone, Near 20-day high, Volume contracting (low selling pressure), Weekly trend aligned (above Weekly EMA20), Outperforming index, NR7 narrow-range breakout, EMA 21 support pullback",2026-07-13T12:44:28.217536
2026-07-14,ADANIENSOL.NS,momentum,9,1690.3,1575.6,1862.35,"Uptrend (above rising SMA50), Near 20-day high, ADX greater than 25, Strong RSI momentum, Volume contracting (low selling pressure), Weekly trend aligned (above Weekly EMA20), Outperforming index, Inside Bar breakout, NR7 narrow-range breakout",2026-07-14T11:52:22.212602
2026-07-14,ADANIGREEN.NS,momentum_breakout,9,1604.5,1498.4,1763.65,"Uptrend (above rising SMA50), Volume spike (>1.5x avg), Near 20-day high, ADX greater than 25, Momentum Breakout (VCP + volume spike), Strong RSI momentum, Weekly trend aligned (above Weekly EMA20), Outperforming index",2026-07-14T11:52:22.213365
2026-07-14,DIVISLAB.NS,momentum_breakout,9,7188.5,6881.46,7649.06,"Uptrend (above rising SMA50), Volume spike (>1.5x avg), Near 20-day high, ADX greater than 25, Momentum Breakout (VCP + volume spike), Strong RSI momentum, Weekly trend aligned (above Weekly EMA20), Outperforming index",2026-07-14T11:52:22.214050
2026-07-14,BHARTIARTL.NS,pullback_sma50,9,1936.5,1803.61,2135.84,"Uptrend (above rising SMA50), RSI in healthy zone, Near 20-day high, Recent SMA50/SMA100 bullish crossover, Pullback to SMA50 (0d after golden cross), Open-Low Same (conviction buy), Weekly trend aligned (above Weekly EMA20), Outperforming index",2026-07-14T11:52:22.214747
2026-07-14,SUNPHARMA.NS,momentum,8,1942.6,1877.77,2039.84,"Uptrend (above rising SMA50), Volume spike (>1.5x avg), Near 20-day high, ADX greater than 25, Open-Low Same (conviction buy), Strong RSI momentum, Weekly trend aligned (above Weekly EMA20), Outperforming index",2026-07-14T11:52:22.215420
2026-07-14,CIPLA.NS,momentum,8,1438.1,1383.47,1520.04,"Uptrend (above rising SMA50), RSI in healthy zone, ADX greater than 25, Open-Low Same (conviction buy), Volume contracting (low selling pressure), Weekly trend aligned (above Weekly EMA20), Outperforming index, EMA 21 support pullback",2026-07-14T11:52:22.216152
2026-07-15,HYUNDAI.NS,momentum_breakout,9,2002.9,1898.03,2160.21,"Uptrend (above rising SMA50), RSI in healthy zone, MACD bullish crossover, Volume spike (>1.5x avg), Near 20-day high, Momentum Breakout (VCP + volume spike), Outperforming index, Inside Bar breakout",2026-07-15T11:56:43.543633
2026-07-15,ICICIBANK.NS,momentum,8,1416.2,1366.76,1490.36,"Uptrend (above rising SMA50), Near 20-day high, ADX greater than 25, Recent SMA50/SMA100 bullish crossover, Strong RSI momentum, Weekly trend aligned (above Weekly EMA20), Outperforming index, Inside Bar breakout, Upcoming Earnings (NSE Calendar: Financial Results on 2026-07-18)",2026-07-15T11:56:43.544206
2026-07-15,APOLLOHOSP.NS,macd_crossover,8,8934.0,8581.48,9462.78,"Uptrend (above rising SMA50), MACD bullish crossover, Volume spike (>1.5x avg), Near 20-day high, ADX greater than 25, Strong RSI momentum, Weekly trend aligned (above Weekly EMA20), Outperforming index",2026-07-15T11:56:43.544681
2026-07-15,TITAN.NS,momentum,8,4579.4,4405.43,4840.35,"Uptrend (above rising SMA50), Near 20-day high, ADX greater than 25, Open-Low Same (conviction buy), Strong RSI momentum, Volume contracting (low selling pressure), Weekly trend aligned (above Weekly EMA20), Outperforming index",2026-07-15T11:56:43.545146
2026-07-15,GAIL.NS,momentum,8,173.15,166.11,183.71,"Uptrend (above rising SMA50), RSI in healthy zone, Open-Low Same (conviction buy), Volume contracting (low selling pressure), Weekly trend aligned (above Weekly EMA20), Inside Bar breakout, NR7 narrow-range breakout, EMA 21 support pullback",2026-07-15T11:56:43.545580
2026-07-16,TITAN.NS,momentum,9,4625.8,4451.48,4887.28,"Uptrend (above rising SMA50), Near 20-day high, ADX greater than 25, Open-Low Same (conviction buy), Strong RSI momentum, Volume contracting (low selling pressure), Weekly trend aligned (above Weekly EMA20), Outperforming index, NR7 narrow-range breakout",2026-07-16T11:58:55.108435
2026-07-16,SHREECEM.NS,momentum_breakout,9,27000.0,25882.2,28676.7,"Uptrend (above rising SMA50), RSI in healthy zone, Volume spike (>1.5x avg), Near 20-day high, Momentum Breakout (VCP + volume spike), Volume contracting (low selling pressure), Weekly trend aligned (above Weekly EMA20), Outperforming index",2026-07-16T11:58:55.109013
2026-07-16,MARUTI.NS,pullback_sma50,9,13783.0,13005.7,14948.95,"Uptrend (above rising SMA50), RSI in healthy zone, Recent SMA50/SMA100 bullish crossover, Pullback to SMA50 (1d after golden cross), Open-Low Same (conviction buy), Volume contracting (low selling pressure), NR7 narrow-range breakout, EMA 21 support pullback",2026-07-16T11:58:55.109583
2026-07-16,EICHERMOT.NS,pullback_sma50,9,7418.5,7046.18,7976.98,"Uptrend (above rising SMA50), RSI in healthy zone, Recent SMA50/SMA100 bullish crossover, Pullback to SMA50 (4d after golden cross), Volume contracting (low selling pressure), Weekly trend aligned (above Weekly EMA20), Outperforming index, EMA 21 support pullback",2026-07-16T11:58:55.110105
2026-07-17,ICICIBANK.NS,macd_crossover,10,1444.3,1381.52,1538.47,"Uptrend (above rising SMA50), MACD bullish crossover, Near 20-day high, ADX greater than 25, Recent SMA50/SMA100 bullish crossover, Open-Low Same (conviction buy), Strong RSI momentum, Weekly trend aligned (above Weekly EMA20), Outperforming index, NR7 narrow-range breakout, Upcoming Earnings (NSE Calendar: Fund Raising on 2026-07-18)",2026-07-17T11:49:40.873875
2026-07-17,AXISBANK.NS,pullback_sma50,8,1328.5,1269.93,1416.36,"Uptrend (above rising SMA50), RSI in healthy zone, Volume spike (>1.5x avg), Pullback to SMA50 (7d after golden cross), Open-Low Same (conviction buy), Weekly trend aligned (above Weekly EMA20), NR7 narrow-range breakout, Upcoming Earnings (NSE Calendar: Financial Results on 2026-07-18)",2026-07-17T11:49:40.874783
2026-07-17,TECHM.NS,momentum_breakout,8,1572.9,1477.99,1715.27,"Uptrend (above rising SMA50), Volume spike (>1.5x avg), Near 20-day high, Momentum Breakout (VCP + volume spike), Strong RSI momentum, Weekly trend aligned (above Weekly EMA20), Outperforming index",2026-07-17T11:49:40.875590
2026-07-17,EICHERMOT.NS,macd_crossover,8,7563.5,7168.69,8155.72,"Uptrend (above rising SMA50), RSI in healthy zone, MACD bullish crossover, Near 20-day high, Open-Low Same (conviction buy), Volume contracting (low selling pressure), Weekly trend aligned (above Weekly EMA20), Outperforming index",2026-07-17T11:49:40.876390
2026-07-20,SOLARINDS.NS,momentum_breakout,12,19028.0,17891.19,20733.22,"Uptrend (above rising SMA50), RSI in healthy zone, MACD bullish crossover, Volume spike (>1.5x avg), Near 20-day high, Momentum Breakout (VCP + volume spike), Open-Low Same (conviction buy), Weekly trend aligned (above Weekly EMA20), Outperforming index, Inside Bar breakout, NR7 narrow-range breakout",2026-07-20T12:31:04.049549
2026-07-20,ICICIBANK.NS,macd_crossover,9,1460.2,1394.67,1558.49,"Uptrend (above rising SMA50), MACD bullish crossover, Volume spike (>1.5x avg), Near 20-day high, ADX greater than 25, Recent SMA50/SMA100 bullish crossover, Strong RSI momentum, Weekly trend aligned (above Weekly EMA20), Outperforming index",2026-07-20T12:31:04.050124
2026-07-20,PNB.NS,momentum_breakout,9,111.76,106.9,119.05,"Uptrend (above rising SMA50), MACD bullish crossover, Volume spike (>1.5x avg), Near 20-day high, Momentum Breakout (VCP + volume spike), Strong RSI momentum, Weekly trend aligned (above Weekly EMA20), Outperforming index",2026-07-20T12:31:04.050676
2026-07-20,ZYDUSLIFE.NS,momentum,8,1149.0,1098.72,1224.42,"Uptrend (above rising SMA50), RSI in healthy zone, Near 20-day high, ADX greater than 25, Open-Low Same (conviction buy), Volume contracting (low selling pressure), Weekly trend aligned (above Weekly EMA20), Outperforming index",2026-07-20T12:31:04.051289
2026-07-20,BHARTIARTL.NS,momentum,8,1940.1,1869.77,2045.59,"Uptrend (above rising SMA50), RSI in healthy zone, Near 20-day high, Recent SMA50/SMA100 bullish crossover, Open-Low Same (conviction buy), Volume contracting (low selling pressure), Weekly trend aligned (above Weekly EMA20), Outperforming index",2026-07-20T12:31:04.051854
2026-07-20,UNIONBANK.NS,momentum,8,175.93,165.53,191.53,"Uptrend (above rising SMA50), RSI in healthy zone, Volume spike (>1.5x avg), Near 20-day high, Open-Low Same (conviction buy), Weekly trend aligned (above Weekly EMA20), Outperforming index, NR7 narrow-range breakout",2026-07-20T12:31:04.052409
2026-07-20,BPCL.NS,macd_crossover,8,317.6,298.07,346.9,"Uptrend (above rising SMA50), RSI in healthy zone, MACD bullish crossover, Volume spike (>1.5x avg), Near 20-day high, Weekly trend aligned (above Weekly EMA20), Outperforming index, Inside Bar breakout, Upcoming Earnings (NSE Calendar: Financial Results on 2026-07-22)",2026-07-20T12:31:04.052919