symbol,entry_date,entry_price,entry_sl,entry_target,current_sl,current_target,setup_type,status,close_date,close_price,updated_at,current_price,current_return
ADANIENT.NS,2026-07-01,3143.6,2977.2,3285.062,2977.2,3285.062,momentum_breakout,OPEN,,,2026-07-08T21:33:30.261082,3183.300048828125,+1.26%
BOSCHLTD.NS,2026-07-01,40785.0,38811.88,42620.325,39871.29,43780.274999999994,momentum,OPEN,,,2026-07-08T21:34:27.282574,40960.0,+0.43%
AXISBANK.NS,2026-07-10,1323.7,1265.56,1383.2665,1269.93,1388.2824999999998,pullback_sma50,CLOSED,2026-07-20,1256.0,2026-07-20T12:31:14.968494,1256.0,-5.11%
HDFCBANK.NS,2026-07-06,829.85,800.23,867.1932499999999,794.51,862.07275,momentum_breakout,CLOSED,2026-07-20,777.5999755859375,2026-07-20T12:31:16.829419,777.5999755859375,-6.30%
HAL.NS,2026-07-10,4506.8,4265.05,4709.606,4265.05,4709.606,macd_crossover,OPEN,,,2026-07-10T12:40:18.322708,4491.0,-0.35%
LODHA.NS,2026-07-02,1006.2,947.43,1051.479,1046.15,1165.2794999999999,momentum,CLOSED,2026-07-10,1220.75,2026-07-10T12:40:25.693165,1220.75,+21.32%
ASIANPAINT.NS,2026-06-29,2656.9,2536.11,2776.4604999999997,2626.73,2878.8705,pullback_sma50,CLOSED,2026-07-20,2691.39990234375,2026-07-20T12:31:12.816324,2691.39990234375,+1.30%
TRENT.NS,2026-06-29,3258.3,3079.47,3404.9235,3079.47,3404.9235,momentum,CLOSED,2026-07-07,2927.800048828125,2026-07-08T21:35:33.970187,2927.800048828125,-10.14%
TITAN.NS,2026-06-30,4404.0,4217.8,4602.179999999999,4451.48,4833.961,momentum_breakout,OPEN,,,2026-07-16T11:58:58.495492,4643.39990234375,+5.44%
BAJFINANCE.NS,2026-06-29,976.05,933.22,1019.9722499999999,996.16,1089.4125,momentum,CLOSED,2026-07-20,1064.0,2026-07-20T12:31:16.117128,1064.0,+9.01%
MOTHERSON.NS,2026-06-25,151.71,142.19,158.53695,142.19,158.53695,momentum_breakout,CLOSED,2026-07-08,140.64999389648438,2026-07-08T21:36:01.723492,140.64999389648438,-7.29%
TORNTPHARM.NS,2026-07-08,4866.4,4663.94,5085.387999999999,4663.94,5085.387999999999,momentum_breakout,OPEN,,,2026-07-08T23:12:12.651122,5005.39990234375,+2.86%
UNITDSPR.NS,2026-06-24,1359.1,1299.78,1420.2595,1299.78,1420.2595,momentum_breakout,CLOSED,2026-07-07,1428.4000244140625,2026-07-08T21:35:33.975030,1428.4000244140625,+5.10%
SHREECEM.NS,2026-06-24,26070.0,24892.99,27243.149999999998,25882.2,28214.999999999996,momentum_breakout,CLOSED,2026-07-16,27000.0,2026-07-16T11:59:06.089093,27000.0,+3.57%
DIVISLAB.NS,2026-07-13,6938.5,6653.92,7250.732499999999,6881.46,7511.982499999999,momentum,OPEN,,,2026-07-14T11:52:26.113534,7318.0,+5.47%
DRREDDY.NS,2026-06-23,1301.3,1237.61,1359.8584999999998,1237.61,1359.8584999999998,macd_crossover,CLOSED,2026-06-29,1375.699951171875,2026-07-08T21:32:45.536408,1375.699951171875,+5.72%
PIDILITIND.NS,2026-06-19,1579.9,1518.28,1650.9955,1548.96,1677.643,momentum,CLOSED,2026-07-13,1580.699951171875,2026-07-13T12:44:39.871773,1580.699951171875,+0.05%
MAXHEALTH.NS,2026-06-18,1090.45,1035.02,1139.52025,1064.39,1173.9007499999998,momentum_breakout,CLOSED,2026-07-10,1108.0999755859375,2026-07-10T12:40:25.113020,1108.0999755859375,+1.62%
MAZDOCK.NS,2026-06-17,2552.4,2417.93,2667.258,2417.93,2667.258,momentum_breakout,CLOSED,2026-07-08,2450.699951171875,2026-07-08T21:36:01.714545,2450.699951171875,-3.98%
SOLARINDS.NS,2026-07-20,19028.0,17891.19,19884.26,17891.19,19884.26,momentum_breakout,OPEN,,,2026-07-20T12:31:07.748920,19028.0,+0.00%
CIPLA.NS,2026-07-03,1458.2,1404.44,1523.819,1383.47,1502.8144999999997,momentum,OPEN,,,2026-07-14T11:52:26.119314,1441.5999755859375,-1.14%
CANBK.NS,2026-06-17,135.24,127.64,141.3258,127.64,141.3258,momentum_breakout,CLOSED,2026-06-29,125.86000061035156,2026-07-08T21:32:45.533299,125.86000061035156,-6.94%
RECLTD.NS,2026-06-16,356.55,337.51,372.59475,338.56,386.49325,pullback_sma50,CLOSED,2026-07-07,356.25,2026-07-08T21:35:33.971450,356.25,-0.08%
SUNPHARMA.NS,2026-07-14,1942.6,1877.77,2030.0169999999998,1877.77,2030.0169999999998,momentum,OPEN,,,2026-07-14T11:52:26.117243,1956.4000244140625,+0.71%
ZYDUSLIFE.NS,2026-07-20,1149.0,1098.72,1200.705,1098.72,1200.705,momentum,OPEN,,,2026-07-20T12:31:07.756255,1149.0,+0.00%
DMART.NS,2026-06-16,4201.3,3933.29,4390.3585,4073.31,4480.4375,macd_crossover,CLOSED,2026-07-03,3994.39990234375,2026-07-08T21:34:39.901802,3994.39990234375,-4.92%
HDFCAMC.NS,2026-06-15,2622.9,2484.62,2740.9305,2530.89,2768.9365,pullback_sma50,CLOSED,2026-07-03,2800.199951171875,2026-07-08T21:34:39.885023,2800.199951171875,+6.76%
LT.NS,2026-06-12,4049.3,3822.56,4231.5185,4061.62,4406.137999999999,pullback_sma50,CLOSED,2026-07-02,4059.39990234375,2026-07-08T21:34:11.014915,4059.39990234375,+0.25%
ADANIGREEN.NS,2026-07-01,1535.0,1443.4,1604.0749999999998,1498.4,1676.7024999999999,momentum,OPEN,,,2026-07-14T11:52:26.112604,1530.0,-0.33%
ENRIN.NS,2026-06-09,3547.5,3252.73,3707.1375,3508.52,4037.3574999999996,momentum,CLOSED,2026-06-30,3683.300048828125,2026-07-08T21:33:13.369963,3683.300048828125,+3.83%
ADANIENSOL.NS,2026-07-08,1655.5,1516.55,1729.9975,1575.6,1766.3635,macd_crossover,OPEN,,,2026-07-14T11:52:26.111588,1729.5,+4.47%
HSCL.NS,2026-06-05,685.05,606.68,715.8772499999999,624.52,724.185,macd_crossover,CLOSED,2026-06-25,678.0999755859375,2026-07-08T21:32:16.539472,678.0999755859375,-1.01%
TATACONSUM.NS,2026-06-04,1149.3,1093.24,1201.0185,1093.24,1201.0185,pullback_sma50,CLOSED,2026-06-24,1098.0999755859375,2026-07-08T21:31:50.002627,1098.0999755859375,-4.45%
TATACHEM.NS,2026-06-02,726.92,670.67,759.6313999999999,670.67,759.6313999999999,pullback_sma50,CLOSED,2026-06-22,733.4500122070312,2026-07-08T21:30:55.997066,733.4500122070312,+0.90%
TECHM.NS,2026-07-17,1572.9,1477.99,1643.6805,1477.99,1643.6805,momentum_breakout,OPEN,,,2026-07-17T11:49:45.214006,1576.4000244140625,+0.22%
ADANIPOWER.NS,2026-05-25,233.38,216.47,243.88209999999998,216.47,243.88209999999998,momentum_breakout,CLOSED,2026-05-26,244.52999877929688,2026-07-08T21:22:25.810462,244.52999877929688,+4.78%
GAIL.NS,2026-07-15,173.15,166.11,180.94174999999998,166.11,180.94174999999998,momentum,OPEN,,,2026-07-15T11:56:46.400456,173.00999450683594,-0.08%
APOLLOHOSP.NS,2026-07-15,8934.0,8581.48,9336.029999999999,8581.48,9336.029999999999,macd_crossover,OPEN,,,2026-07-15T11:56:46.397698,8905.0,-0.32%
TMPV.NS,2026-05-25,370.18,350.46,386.8381,350.46,386.8381,momentum,CLOSED,2026-05-27,397.6513671875,2026-07-08T21:22:53.630532,397.6513671875,+7.42%
ICICIBANK.NS,2026-07-17,1444.3,1381.52,1509.2934999999998,1394.67,1525.9089999999999,macd_crossover,OPEN,,,2026-07-20T12:31:07.751036,1460.199951171875,+1.10%
MARUTI.NS,2026-07-16,13783.0,13005.7,14403.234999999999,13005.7,14403.234999999999,pullback_sma50,OPEN,,,2026-07-16T11:58:58.497423,13514.0,-1.95%
INDHOTEL.NS,2026-07-10,752.3,713.32,786.1534999999999,713.32,786.1534999999999,macd_crossover,OPEN,,,2026-07-10T12:40:18.319323,725.0499877929688,-3.62%
INDIGO.NS,2026-07-10,5312.0,5056.23,5551.04,5056.23,5551.04,momentum,OPEN,,,2026-07-10T12:40:18.313496,5229.0,-1.56%
NESTLEIND.NS,2026-05-22,1423.1,1363.37,1487.1394999999998,1341.22,1461.8505,momentum,CLOSED,2026-06-12,1375.699951171875,2026-07-08T21:27:57.354324,1375.699951171875,-3.33%
EICHERMOT.NS,2026-07-16,7418.5,7046.18,7752.3324999999995,7168.69,7903.857499999999,pullback_sma50,OPEN,,,2026-07-17T11:49:45.216710,7563.5,+1.95%
VBL.NS,2026-05-22,539.45,510.7,563.72525,509.44,561.165,momentum_breakout,CLOSED,2026-06-12,522.2000122070312,2026-07-08T21:27:57.362927,522.2000122070312,-3.20%
DREDGECORP.NS,2026-05-21,1105.25,966.69,1154.98625,966.69,1154.98625,macd_crossover,CLOSED,2026-05-27,1191.5,2026-07-08T21:22:53.625821,1191.5,+7.80%
ADANIPORTS.NS,2026-05-14,1765.96,1663.43,1845.4281999999998,1722.92,1888.20005,momentum,CLOSED,2026-06-04,1783.384033203125,2026-07-08T21:25:13.695840,1783.384033203125,+0.99%
JSWSTEEL.NS,2026-05-14,1296.9,1240.86,1355.2605,1248.08,1357.873,momentum_breakout,CLOSED,2026-06-04,1301.0999755859375,2026-07-08T21:25:13.697412,1301.0999755859375,+0.32%
BHARTIARTL.NS,2026-07-14,1936.5,1803.61,2023.6425,1869.77,2027.4044999999999,pullback_sma50,OPEN,,,2026-07-20T12:31:07.758332,1940.0999755859375,+0.19%
TATASTEEL.NS,2026-05-13,215.18,205.83,224.8631,205.83,224.8631,momentum_breakout,CLOSED,2026-05-18,205.4725799560547,2026-07-08T21:19:36.043289,205.4725799560547,-4.51%
HINDALCO.NS,2026-05-13,1073.1,1019.01,1121.3894999999998,1089.13,1201.4365,momentum,CLOSED,2026-06-03,1138.9000244140625,2026-07-08T21:24:46.556890,1138.9000244140625,+6.13%
ONGC.NS,2026-05-12,294.5,279.35,307.7525,279.35,307.7525,momentum,CLOSED,2026-05-27,274.04998779296875,2026-07-08T21:22:53.609405,274.04998779296875,-6.94%
CUMMINSIND.NS,2026-05-08,5401.0,5085.51,5644.044999999999,5085.51,5644.044999999999,macd_crossover,CLOSED,2026-05-27,6027.5,2026-07-08T21:22:53.607407,6027.5,+11.60%
ETERNAL.NS,2026-07-01,279.7,264.32,292.2865,274.46,302.42299999999994,momentum_breakout,OPEN,,,2026-07-08T21:35:23.207051,286.95001220703125,+2.59%
BAJAJHLDNG.NS,2026-07-01,10719.0,9996.64,11201.355,9898.19,11235.84,pullback_sma50,OPEN,,,2026-07-13T12:44:34.353414,10299.0,-3.92%
CHOLAFIN.NS,2026-07-02,1788.5,1702.82,1868.9824999999998,1762.25,1933.7724999999998,momentum,OPEN,,,2026-07-08T21:34:56.483545,1782.800048828125,-0.32%
CGPOWER.NS,2026-05-07,859.1,792.73,897.7595,878.72,976.8659999999999,macd_crossover,CLOSED,2026-05-27,934.7999877929688,2026-07-08T21:22:53.600726,934.7999877929688,+8.81%
HINDZINC.NS,2026-05-06,634.6,595.99,663.1569999999999,605.28,670.7855,momentum_breakout,CLOSED,2026-05-26,647.4000244140625,2026-07-08T21:22:25.795353,647.4000244140625,+2.02%
SBILIFE.NS,2026-07-07,1832.3,1761.11,1914.7534999999998,1761.11,1914.7534999999998,momentum_breakout,OPEN,,,2026-07-08T21:35:23.209397,1824.5,-0.43%
BAJAJ-AUTO.NS,2026-07-13,10381.0,9936.47,10848.144999999999,9936.47,10848.144999999999,momentum_breakout,OPEN,,,2026-07-13T12:44:34.358097,10522.5,+1.36%
TVSMOTOR.NS,2026-07-13,3676.9,3496.87,3842.3605,3496.87,3842.3605,momentum,OPEN,,,2026-07-13T12:44:34.363509,3590.199951171875,-2.36%
HYUNDAI.NS,2026-07-15,2002.9,1898.03,2093.0305,1898.03,2093.0305,momentum_breakout,OPEN,,,2026-07-15T11:56:46.392545,1972.300048828125,-1.53%
PNB.NS,2026-07-20,111.76,106.9,116.7892,106.9,116.7892,momentum_breakout,OPEN,,,2026-07-20T12:31:07.751705,111.76000213623047,+0.00%
UNIONBANK.NS,2026-07-20,175.93,165.53,183.84685,165.53,183.84685,momentum,OPEN,,,2026-07-20T12:31:07.758969,175.92999267578125,-0.00%
BPCL.NS,2026-07-20,317.6,298.07,331.892,298.07,331.892,macd_crossover,OPEN,,,2026-07-20T12:31:07.762721,317.6000061035156,+0.00%